0,4654
10D,9
10C,1287
111,17
105,54
10F,45
10B,34
106,0
107,-4
114,94
20,8,-3,-135
24,1401
0,5199
10D,9
10C,1253
111,15
105,54
10F,45
10B,25
106,0
107,-4
114,97
20,0,-3,-138
24,1402
0,5759
10D,9
10C,1235
111,15
105,54
10F,44
10B,27
106,0
107,-4
114,101
20,7,3,-133
24,1398
0,6309
10D,8
10C,1224
111,18
105,54
10F,45
10B,39
106,0
107,-4
114,113
20,1,-1,-131
24,1397
0,6859
10D,9
10C,1284
111,15
105,54
10F,45
10B,26
106,0
107,-4
114,125
20,4,0,-139
24,1401
0,7409
10D,9
10C,1252
111,16
105,54
10F,45
10B,31
106,0
107,-4
114,138
20,2,0,-136
24,1398
0,7959
10D,8
10C,1246
111,20
105,54
10F,45
10B,44
106,0
107,-4
114,122
20,0,8,-142
24,1395
0,8509
10D,10
10C,1407
111,20
105,54
10F,45
10B,51
106,0
107,-4
114,160
20,0,5,-142
24,1400
0,9059
10D,11
10C,1627
111,20
105,54
10F,45
10B,38
106,0
107,-4
114,177
20,11,3,-133
24,1401
0,9609
10D,12
10C,1689
111,15
105,54
10F,45
10B,21
106,0
107,-4
114,186
20,5,-6,-132
24,1386
0,10159
10D,11
10C,1518
111,13
105,55
10F,44
10B,17
106,0
107,-4
114,187
20,2,-7,-123
24,1393
0,10709
10D,9
10C,1263
111,14
105,55
10F,44
10B,19
106,-1
107,-4
114,186
20,8,-7,-127
24,1393
0,11259
10D,7
10C,1073
111,14
105,55
10F,44
10B,21
106,-3
107,-4
114,176
20,4,-7,-132
24,1392
0,11809
10D,4
10C,981
111,14
105,55
10F,44
10B,23
106,-3
107,-4
114,60
20,8,-4,-130
24,1392
0,12359
10D,3
10C,900
111,14
105,55
10F,45
10B,25
106,-3
107,-4
114,40
20,4,-1,-131
24,1395
0,12909
10D,2
10C,1009
111,45
105,55
10F,45
10B,74
106,0
107,-4
114,31
20,2,14,-144
24,1397
0,13459
10D,3
10C,1958
111,80
105,55
10F,45
10B,73
106,6
107,-4
114,36
20,0,7,-142
24,1395
0,14009
10D,7
10C,2346
111,17
105,56
10F,45
10B,24
106,0
107,-4
114,209
20,6,1,-138
24,1401
0,14559
10D,8
10C,1405
111,15
105,56
10F,45
10B,24
106,0
107,-4
114,210
20,2,-3,-137
24,1399
0,15109
10D,8
10C,1262
111,20
105,56
10F,45
10B,41
106,0
107,-4
114,191
20,3,7,-138
24,1401
0,15659
10D,9
10C,1374
111,21
105,56
10F,45
10B,52
106,0
107,-4
114,31
20,2,0,-135
24,1396
0,16209
10D,11
10C,1464
111,20
105,56
10F,45
10B,53
106,0
107,-4
114,134
20,9,5,-132
24,1393
0,16759
10D,12
10C,1675
111,25
105,56
10F,45
10B,59
106,-1
107,-4
114,20
20,5,16,-135
24,1398
0,17309
10D,15
10C,2123
111,37
105,56
10F,45
10B,71
106,4
107,-4
114,22
20,3,6,-132
24,1400
0,17859
10D,18
10C,2403
111,16
105,57
10F,45
10B,21
106,0
107,-4
114,203
20,5,-3,-137
24,1402
0,18409
10D,18
10C,2109
111,15
105,57
10F,44
10B,23
106,0
107,-4
114,15
20,3,-4,-132
24,1403
0,18959
10D,18
10C,1445
111,18
105,57
10F,44
10B,38
106,0
107,-4
114,179
20,8,7,-135
24,1394
0,19509
10D,18
10C,1422
111,17
105,57
10F,44
10B,29
106,0
107,-4
114,183
20,0,-8,-126
24,1392
0,20059
10D,18
10C,1334
111,15
105,57
10F,44
10B,22
106,0
107,-4
114,183
20,12,-6,-134
24,1397
0,20610
10D,16
10C,1311
111,14
105,57
10F,44
10B,21
106,0
107,-4
114,177
20,10,-3,-136
24,1397
0,21160
10D,15
10C,1229
111,14
105,57
10F,44
10B,21
106,-1
107,-4
114,172
20,11,-3,-130
24,1393
0,21710
10D,14
10C,1111
111,14
105,57
10F,44
10B,21
106,-3
107,-4
114,166
20,7,-2,-128
24,1393
0,22260
10D,13
10C,1016
111,14
105,57
10F,44
10B,22
106,-3
107,-4
114,163
20,6,3,-141
24,1393
0,22810
10D,12
10C,969
111,13
105,57
10F,44
10B,22
106,-6
107,-4
114,159
20,5,-1,-133
24,1401
0,23360
10D,11
10C,859
111,13
105,57
10F,44
10B,23
106,-7
107,-4
114,148
20,8,-3,-133
24,1399
0,23910
10D,10
10C,813
111,14
105,57
10F,44
10B,25
106,-7
107,-4
114,14
20,6,-2,-132
24,1401
0,24460
10D,10
10C,809
111,13
105,57
10F,44
10B,26
106,-7
107,-4
114,12
20,9,-1,-136
24,1397
0,25010
10D,9
10C,823
111,22
105,58
10F,44
10B,59
106,0
107,-4
114,7
20,2,1,-136
24,1395
0,25560
10D,8
10C,1136
111,23
105,58
10F,45
10B,63
106,2
107,-4
114,6
20,3,6,-132
24,1399
0,26110
10D,9
10C,1921
111,49
105,58
10F,45
10B,68
106,7
107,-4
114,185
20,6,8,-132
24,1399
0,26660
10D,10
10C,1573
111,16
105,58
10F,45
10B,35
106,6
107,-4
114,190
20,4,-1,-134
24,1397
0,27210
10D,11
10C,891
111,18
105,58
10F,44
10B,50
106,4
107,-4
114,177
20,0,-5,-129
24,1386
0,27760
10D,11
10C,840
111,15
105,58
10F,45
10B,42
106,3
107,-4
114,175
20,4,0,-133
24,1398
0,28310
10D,11
10C,859
111,15
105,58
10F,44
10B,33
106,1
107,-4
114,180
20,5,-4,-132
24,1397
0,28860
10D,11
10C,832
111,14
105,58
10F,44
10B,32
106,0
107,-4
114,176
20,2,-7,-133
24,1386
0,29493
10D,10
10C,822
111,14
105,59
10F,44
10B,30
106,0
107,-4
114,171
20,8,-11,-131
24,1390
0,30040
10D,8
10C,844
111,14
105,59
10F,44
10B,27
106,-1
107,-4
114,169
20,4,-4,-131
24,1390
0,30590
10D,6
10C,827
111,13
105,59
10F,44
10B,26
106,-2
107,-4
114,162
20,2,-2,-135
24,1401
0,31140
10D,5
10C,814
111,13
105,59
10F,44
10B,27
106,-3
107,-4
114,158
20,3,2,-137
24,1388
0,31690
10D,4
10C,901
111,18
105,59
10F,44
10B,48
106,-3
107,-4
114,7
20,1,6,-141
24,1393
0,32240
10D,4
10C,1448
111,22
105,59
10F,44
10B,53
106,-2
107,-4
114,22
20,5,10,-146
24,1389
0,32790
10D,6
10C,1577
111,21
105,59
10F,45
10B,55
106,-2
107,-4
114,149
20,14,5,-134
24,1390
0,33340
10D,9
10C,1261
111,21
105,59
10F,44
10B,54
106,-3
107,-4
114,142
20,-7,13,-152
24,1393
0,33890
10D,11
10C,1501
111,21
105,60
10F,44
10B,53
106,-4
107,-4
114,10
20,-10,4,-146
24,1392
0,34440
10D,12
10C,1802
111,18
105,60
10F,44
10B,34
106,-3
107,-4
114,175
20,-4,-7,-143
24,1395
0,34990
10D,13
10C,1822
111,16
105,60
10F,43
10B,24
106,-6
107,-4
114,156
20,-3,-8,-128
24,1401
0,35546
10D,13
10C,1789
111,16
105,60
10F,43
10B,22
106,-7
107,-4
114,7
20,0,-1,-130
24,1397
0,36090
10D,12
10C,1680
111,16
105,60
10F,43
10B,21
106,-7
107,-4
114,9
20,1,3,-130
24,1401
0,36640
10D,12
10C,1577
111,15
105,60
10F,43
10B,20
106,-5
107,-4
114,12
20,4,-8,-130
24,1399
0,37190
10D,11
10C,1407
111,14
105,60
10F,43
10B,19
106,-3
107,-4
114,17
20,4,-3,-131
24,1400
0,37740
10D,9
10C,1291
111,14
105,60
10F,43
10B,20
106,-2
107,-4
114,146
20,2,-1,-133
24,1401
0,38290
10D,8
10C,1202
111,14
105,60
10F,43
10B,27
106,-2
107,-4
114,145
20,3,4,-137
24,1386
0,38840
10D,8
10C,1153
111,18
105,60
10F,44
10B,46
106,-3
107,-4
114,156
20,0,9,-136
24,1395
0,39390
10D,8
10C,1231
111,18
105,61
10F,44
10B,43
106,-4
107,-4
114,123
20,9,-2,-139
24,1401
0,39940
10D,9
10C,1237
111,15
105,61
10F,44
10B,44
106,-6
107,-4
114,10
20,3,9,-133
24,1401
0,40490
10D,9
10C,1346
111,22
105,61
10F,44
10B,55
106,-5
107,-4
114,10
20,0,0,-139
24,1390
0,41040
10D,10
10C,1476
111,15
105,61
10F,44
10B,28
106,-4
107,-4
114,175
20,1,-1,-139
24,1401
0,41595
10D,10
10C,1491
111,18
105,61
10F,44
10B,35
106,-5
107,-4
114,147
20,7,-3,-134
24,1401
0,42140
10D,11
10C,1505
111,19
105,62
10F,44
10B,43
106,-7
107,-4
114,10
20,11,-5,-136
24,1391
0,42690
10D,11
10C,1588
111,15
105,62
10F,44
10B,24
106,-8
107,-4
114,10
20,2,-5,-146
24,1399
0,43240
10D,11
10C,1614
111,19
105,62
10F,44
10B,41
106,-7
107,-4
114,16
20,1,2,-139
24,1400
0,43790
10D,12
10C,1697
111,19
105,62
10F,44
10B,39
106,-4
107,-4
114,30
20,6,3,-132
24,1398
0,44340
10D,13
10C,1788
111,19
105,63
10F,44
10B,37
106,-3
107,-4
114,73
20,3,7,-131
24,1397
0,44890
10D,14
10C,2036
111,21
105,63
10F,44
10B,41
106,0
107,-4
114,153
20,10,-5,-133
24,1402
0,45440
10D,15
10C,1592
111,14
105,63
10F,44
10B,20
106,0
107,-4
114,4
20,12,-4,-129
24,1395
0,45991
10D,14
10C,1446
111,19
105,63
10F,43
10B,43
106,0
107,-4
114,166
20,1,1,-138
24,1389
0,46539
10D,14
10C,1429
111,22
105,63
10F,44
10B,60
106,0
107,-4
114,10
20,0,3,-133
24,1394
0,47091
10D,16
10C,1279
111,20
105,63
10F,44
10B,46
106,0
107,-4
114,175
20,5,-6,-126
24,1398
0,47646
10D,17
10C,1290
111,15
105,63
10F,44
10B,27
106,0
107,-4
114,173
20,2,-5,-137
24,1397
0,48191
10D,16
10C,1271
111,14
105,63
10F,43
10B,23
106,-2
107,-4
114,157
20,4,0,-146
24,1395
0,48741
10D,16
10C,1263
111,14
105,63
10F,43
10B,22
106,-3
107,-4
114,16
20,3,-8,-138
24,1396
0,49291
10D,15
10C,1188
111,14
105,63
10F,43
10B,20
106,-3
107,-4
114,13
20,3,5,-115
24,1400
0,49841
10D,15
10C,1140
111,14
105,64
10F,43
10B,20
106,-3
107,-4
114,13
20,3,0,-124
24,1399
0,50391
10D,14
10C,1114
111,13
105,64
10F,43
10B,20
106,-2
107,-4
114,12
20,9,-5,-131
24,1400
0,50941
10D,14
10C,1075
111,13
105,64
10F,43
10B,20
106,0
107,-4
114,16
20,10,-7,-122
24,1401
0,51491
10D,13
10C,1025
111,13
105,64
10F,43
10B,20
106,0
107,-4
114,18
20,0,-3,-131
24,1402
0,52041
10D,13
10C,1017
111,13
105,64
10F,43
10B,21
106,0
107,-4
114,21
20,5,-5,-129
24,1401
0,52591
10D,12
10C,988
111,13
105,64
10F,43
10B,21
106,1
107,-4
114,144
20,2,-4,-130
24,1396
0,53204
10D,12
10C,953
111,13
105,64
10F,43
10B,21
106,1
107,-4
114,140
20,1,-5,-135
24,1396
0,53751
10D,12
10C,932
111,13
105,65
10F,44
10B,22
106,1
107,-4
114,116
20,2,-8,-136
24,1397
0,54301
10D,11
10C,886
111,13
105,65
10F,44
10B,22
106,1
107,-4
114,19
20,1,-2,-133
24,1398
0,54851
10D,11
10C,855
111,13
105,65
10F,44
10B,22
106,1
107,-4
114,16
20,4,-3,-134
24,1387
0,55401
10D,11
10C,856
111,13
105,65
10F,44
10B,22
106,1
107,-4
114,21
20,9,-1,-128
24,1393
0,55951
10D,10
10C,815
111,15
105,65
10F,44
10B,31
106,1
107,-4
114,14
20,8,6,-133
24,1370
0,56501
10D,11
10C,781
111,17
105,65
10F,44
10B,43
106,2
107,-4
114,136
20,4,-1,-138
24,1399
0,57050
10D,11
10C,894
111,14
105,65
10F,44
10B,33
106,3
107,-4
114,163
20,3,1,-140
24,1399
0,57601
10D,12
10C,935
111,13
105,65
10F,44
10B,25
106,3
107,-4
114,171
20,6,-1,-132
24,1400
0,58151
10D,12
10C,920
111,13
105,66
10F,44
10B,24
106,1
107,-4
114,161
20,7,-1,-135
24,1398
0,58701
10D,12
10C,897
111,13
105,66
10F,44
10B,24
106,0
107,-4
114,124
20,4,1,-139
24,1400
0,59250
10D,12
10C,929
111,15
105,66
10F,44
10B,31
106,0
107,-4
114,13
20,9,1,-137
24,1359
0,59801
10D,12
10C,984
111,15
105,66
10F,44
10B,34
106,0
107,-4
114,12
20,5,-1,-141
24,1395
0,60351
10D,12
10C,958
111,17
105,66
10F,44
10B,40
106,1
107,-4
114,16
20,0,-2,-130
24,1391
0,60901
10D,13
10C,1004
111,14
105,66
10F,44
10B,30
106,1
107,-4
114,165
20,1,-2,-134
24,1392
0,61450
10D,13
10C,1038
111,14
105,66
10F,44
10B,25
106,1
107,-4
114,156
20,6,0,-126
24,1393
0,62001
10D,13
10C,1076
111,17
105,66
10F,44
10B,36
106,1
107,-4
114,136
20,7,1,-132
24,1395
0,62551
10D,14
10C,1077
111,16
105,66
10F,44
10B,41
106,0
107,-4
114,10
20,9,10,-139
24,1396
0,63101
10D,15
10C,1152
111,20
105,66
10F,44
10B,55
106,0
107,-4
114,10
20,6,11,-142
24,1384
0,63651
10D,16
10C,1253
111,21
105,66
10F,44
10B,56
106,4
107,-4
114,14
20,8,10,-137
24,1403
0,64201
10D,18
10C,1380
111,21
105,66
10F,44
10B,56
106,7
107,-4
114,148
20,8,13,-145
24,1396
0,64751
10D,19
10C,1478
111,22
105,66
10F,44
10B,55
106,3
107,-4
114,153
20,6,-1,-132
24,1398
0,65301
10D,20
10C,1599
111,42
105,66
10F,44
10B,73
106,4
107,-4
114,9
20,-1,7,-149
24,1391
0,65851
10D,23
10C,1785
111,79
105,67
10F,44
10B,73
106,8
107,-4
114,152
20,-8,19,-145
24,1398
0,66401
10D,25
10C,1951
111,84
105,67
10F,44
10B,73
106,1
107,-4
114,121
20,2,31,-157
24,1387
0,66951
10D,28
10C,2172
111,85
105,67
10F,44
10B,73
106,1
107,-4
114,17
20,12,23,-129
24,1397
0,67501
10D,30
10C,2378
111,85
105,67
10F,43
10B,73
106,3
107,-4
114,35
20,0,10,-143
24,1399
0,68052
10D,33
10C,2600
111,85
105,67
10F,43
10B,73
106,3
107,-4
114,171
20,1,-6,-130
24,1399
0,68601
10D,35
10C,2630
111,15
105,67
10F,43
10B,17
106,0
107,-4
114,3
20,3,0,-123
24,1397
0,69150
10D,35
10C,2024
111,20
105,68
10F,42
10B,44
106,0
107,-4
114,22
20,1,-7,-119
24,1396
0,69701
10D,34
10C,1795
111,14
105,68
10F,42
10B,19
106,0
107,-4
114,51
20,-7,-14,-129
24,1398
0,70251
10D,34
10C,1745
111,14
105,68
10F,42
10B,17
106,0
107,-4
114,255
20,-2,4,-131
24,1400
0,70800
10D,33
10C,1704
111,14
105,68
10F,42
10B,17
106,0
107,-4
114,255
20,15,-7,-127
24,1399
0,71351
10D,32
10C,1633
111,14
105,69
10F,42
10B,17
106,0
107,-4
114,255
20,1,0,-144
24,1399
0,71901
10D,31
10C,1624
111,15
105,69
10F,42
10B,26
106,0
107,-4
114,135
20,2,3,-134
24,1398
0,72451
10D,31
10C,1638
111,28
105,69
10F,43
10B,72
106,0
107,-4
114,7
20,2,5,-127
24,1399
0,73002
10D,32
10C,1685
111,72
105,69
10F,43
10B,74
106,6
107,-4
114,18
20,8,5,-139
24,1394
0,73552
10D,34
10C,1765
111,81
105,69
10F,43
10B,74
106,6
107,-4
114,147
20,10,-4,-156
24,1398
0,74102
10D,36
10C,1857
111,84
105,69
10F,43
10B,74
106,0
107,-4
114,17
20,-9,13,-149
24,1400
0,74652
10D,37
10C,1961
111,85
105,69
10F,43
10B,73
106,2
107,-4
114,142
20,17,13,-151
24,1398
0,75202
10D,39
10C,2020
111,17
105,69
10F,43
10B,25
106,0
107,-4
114,181
20,12,-4,-149
24,1396
0,75752
10D,39
10C,1798
111,14
105,69
10F,42
10B,17
106,0
107,-4
114,157
20,0,1,-132
24,1390
0,76302
10D,39
10C,1577
111,27
105,69
10F,42
10B,65
106,0
107,-4
114,106
20,2,0,-135
24,1401
0,76852
10D,39
10C,1590
111,15
105,69
10F,42
10B,27
106,1
107,-4
114,183
20,1,-4,-130
24,1396
0,77465
10D,39
10C,1526
111,14
105,69
10F,42
10B,19
106,0
107,-4
114,176
20,7,2,-138
24,1401
0,78012
10D,38
10C,1548
111,14
105,70
10F,42
10B,18
106,0
107,-4
114,6
20,1,0,-135
24,1401
0,78562
10D,37
10C,1515
111,14
105,70
10F,42
10B,18
106,0
107,-4
114,151
20,4,-6,-138
24,1401
0,79112
10D,36
10C,1455
111,14
105,70
10F,42
10B,17
106,0
107,-4
114,158
20,5,-2,-131
24,1401
0,79662
10D,35
10C,1420
111,14
105,70
10F,42
10B,18
106,0
107,-4
114,121
20,-3,12,-121
24,1391
0,80212
10D,34
10C,1469
111,47
105,70
10F,42
10B,74
106,1
107,-4
114,7
20,2,1,-134
24,1396
0,80772
10D,35
10C,1413
111,19
105,71
10F,43
10B,60
106,4
107,-4
114,176
20,14,-8,-130
24,1401
0,81322
10D,36
10C,1428
111,15
105,71
10F,42
10B,24
106,3
107,-4
114,182
20,10,2,-146
24,1398
0,81872
10D,35
10C,1437
111,14
105,71
10F,42
10B,19
106,2
107,-4
114,174
20,7,5,-127
24,1388
0,82422
10D,34
10C,1372
111,14
105,71
10F,42
10B,18
106,0
107,-4
114,156
20,-2,-8,-107
24,1398
0,82972
10D,33
10C,1465
111,42
105,71
10F,42
10B,73
106,0
107,-4
114,6
20,-18,-9,-139
24,1382
0,83528
10D,34
10C,1388
111,74
105,71
10F,42
10B,74
106,5
107,-4
114,14
20,2,8,-141
24,1385
0,84072
10D,35
10C,1404
111,83
105,72
10F,42
10B,74
106,8
107,-4
114,147
20,5,3,-148
24,1384
0,84622
10D,36
10C,1458
111,85
105,72
10F,42
10B,74
106,4
107,-4
114,41
20,4,14,-140
24,1395
0,85172
10D,38
10C,1523
111,23
105,72
10F,42
10B,70
106,4
107,-4
114,179
20,0,-1,-133
24,1392
0,85722
10D,38
10C,1560
111,15
105,72
10F,42
10B,25
106,3
107,-4
114,184
20,1,5,-128
24,1398
0,86272
10D,38
10C,1542
111,14
105,72
10F,42
10B,19
106,0
107,-4
114,179
20,2,-12,-147
24,1399
0,86822
10D,38
10C,1494
111,14
105,72
10F,42
10B,18
106,0
107,-4
114,16
20,3,-5,-139
24,1400
0,87372
10D,37
10C,1514
111,14
105,72
10F,42
10B,18
106,0
107,-4
114,149
20,-5,-5,-131
24,1401
0,87922
10D,36
10C,1480
111,14
105,72
10F,42
10B,17
106,0
107,-4
114,147
20,6,-12,-141
24,1390
0,88472
10D,36
10C,1429
111,14
105,72
10F,42
10B,17
106,0
107,-4
114,64
20,12,-1,-137
24,1393
0,89022
10D,35
10C,1404
111,14
105,72
10F,42
10B,17
106,0
107,-4
114,22
20,-21,1,-119
24,1398
0,89577
10D,35
10C,1402
111,14
105,72
10F,42
10B,17
106,0
107,-4
114,124
20,-5,-1,-111
24,1396
0,90122
10D,34
10C,1366
111,14
105,73
10F,42
10B,18
106,0
107,-4
114,121
20,2,-3,-122
24,1391
0,90672
10D,32
10C,1265
111,13
105,73
10F,42
10B,19
106,0
107,-4
114,111
20,4,-7,-123
24,1391
0,91222
10D,31
10C,1231
111,13
105,73
10F,42
10B,19
106,-2
107,-4
114,126
20,8,-7,-136
24,1402
0,91772
10D,29
10C,1147
111,13
105,73
10F,42
10B,19
106,-3
107,-4
114,16
20,0,0,-139
24,1402
0,92322
10D,28
10C,1150
111,13
105,73
10F,42
10B,19
106,-3
107,-4
114,16
20,-1,-24,-137
24,1391
0,92872
10D,28
10C,1104
111,13
105,73
10F,42
10B,20
106,-3
107,-4
114,15
20,4,-9,-122
24,1389
0,93422
10D,25
10C,1014
111,13
105,73
10F,42
10B,20
106,-3
107,-4
114,17
20,1,-13,-129
24,1393
0,93972
10D,23
10C,936
111,13
105,73
10F,42
10B,21
106,-2
107,-4
114,53
20,3,-6,-133
24,1400
0,94522
10D,21
10C,865
111,13
105,74
10F,42
10B,42
106,0
107,-4
114,6
20,-1,7,-145
24,1365
0,95072
10D,21
10C,887
111,67
105,74
10F,43
10B,74
106,0
107,-4
114,7
20,-2,0,-132
24,1382
0,95627
10D,22
10C,887
111,83
105,74
10F,43
10B,74
106,3
107,-4
114,17
20,7,1,-138
24,1383
0,96172
10D,23
10C,952
111,85
105,74
10F,43
10B,74
106,7
107,-4
114,146
20,2,-1,-145
24,1402
0,96723
10D,25
10C,1004
111,85
105,74
10F,43
10B,74
106,5
107,-4
114,143
20,8,4,-136
24,1390
0,97273
10D,26
10C,1058
111,85
105,74
10F,43
10B,74
106,3
107,-4
114,18
20,3,7,-144
24,1393
0,97823
10D,27
10C,1097
111,85
105,74
10F,43
10B,74
106,4
107,-4
114,34
20,10,0,-148
24,1393
0,98373
10D,28
10C,1156
111,85
105,74
10F,43
10B,74
106,4
107,-4
114,109
20,-11,0,-134
24,1394
0,98923
10D,30
10C,1198
111,85
105,74
10F,43
10B,74
106,4
107,-4
114,22
20,5,-2,-143
24,1399
0,99473
10D,31
10C,1273
111,85
105,74
10F,42
10B,74
106,7
107,-4
114,147
20,2,0,-141
24,1400
0,100023
10D,32
10C,1315
111,85
105,75
10F,42
10B,74
106,5
107,-4
114,24
20,0,1,-133
24,1393
0,100573
10D,33
10C,1360
111,85
105,75
10F,42
10B,74
106,5
107,-4
114,143
20,-3,6,-148
24,1397
0,101123
10D,35
10C,1427
111,85
105,75
10F,42
10B,74
106,3
107,-4
114,17
20,2,0,-150
24,1390
0,101736
10D,37
10C,1508
111,85
105,75
10F,42
10B,74
106,4
107,-4
114,136
20,0,-4,-142
24,1391
0,102283
10D,38
10C,1512
111,85
105,75
10F,42
10B,74
106,3
107,-4
114,31
20,-2,-6,-106
24,1390
0,102833
10D,39
10C,1576
111,85
105,75
10F,42
10B,74
106,2
107,-4
114,72
20,-12,-12,-153
24,1401
0,103383
10D,40
10C,1650
111,85
105,75
10F,42
10B,74
106,2
107,-4
114,153
20,5,4,-118
24,1396
0,103933
10D,41
10C,1669
111,18
105,75
10F,42
10B,36
106,0
107,-4
114,185
20,7,-4,-134
24,1398
0,104483
10D,41
10C,1701
111,14
105,75
10F,42
10B,19
106,-1
107,-4
114,181
20,5,-9,-133
24,1393
0,105033
10D,41
10C,1655
111,14
105,75
10F,41
10B,17
106,0
107,-4
114,141
20,7,-17,-128
24,1389
0,105583
10D,38
10C,1362
111,14
105,75
10F,41
10B,21
106,0
107,-4
114,22
20,9,-23,-126
24,1393
0,106133
10D,34
10C,1172
111,14
105,75
10F,42
10B,21
106,0
107,-4
114,163
20,5,-17,-127
24,1387
0,106683
10D,31
10C,1008
111,14
105,75
10F,42
10B,23
106,0
107,-4
114,163
20,18,-17,-125
24,1389
0,107233
10D,27
10C,900
111,13
105,75
10F,42
10B,24
106,0
107,-4
114,163
20,0,-8,-120
24,1389
0,107788
10D,22
10C,842
111,13
105,75
10F,42
10B,24
106,0
107,-4
114,159
20,2,3,-141
24,1394
0,108333
10D,20
10C,802
111,13
105,76
10F,42
10B,54
106,0
107,-4
114,7
20,-8,29,-134
24,1386
0,108883
10D,19
10C,1514
111,42
105,76
10F,42
10B,74
106,2
107,-4
114,7
20,7,10,-154
24,1389
0,109433
10D,20
10C,1664
111,79
105,76
10F,42
10B,74
106,7
107,-4
114,28
20,-3,11,-136
24,1397
0,109983
10D,22
10C,1751
111,84
105,76
10F,42
10B,74
106,6
107,-4
114,145
20,-3,7,-140
24,1392
0,110533
10D,25
10C,1966
111,85
105,76
10F,42
10B,73
106,2
107,-4
114,18
20,1,18,-151
24,1399
0,111083
10D,27
10C,2179
111,85
105,76
10F,42
10B,73
106,3
107,-4
114,24
20,-6,9,-141
24,1396
0,111633
10D,30
10C,2411
111,85
105,76
10F,42
10B,73
106,6
107,-4
114,122
20,-5,12,-138
24,1393
0,112183
10D,33
10C,2574
111,85
105,76
10F,42
10B,73
106,5
107,-4
114,128
20,7,14,-140
24,1386
0,112733
10D,36
10C,2807
111,85
105,77
10F,42
10B,73
106,5
107,-4
114,127
20,-4,12,-139
24,1394
0,113283
10D,38
10C,3019
111,85
105,77
10F,41
10B,73
106,5
107,-4
114,144
20,0,5,-147
24,1393
0,113833
10D,41
10C,3224
111,85
105,77
10F,41
10B,73
106,3
107,-4
114,141
20,-1,7,-150
24,1390
0,114383
10D,44
10C,3381
111,85
105,77
10F,40
10B,72
106,1
107,-4
114,87
20,-4,14,-161
24,1396
0,114933
10D,47
10C,3605
111,85
105,77
10F,40
10B,72
106,0
107,-3
114,72
20,-7,21,-165
24,1393
0,115483
10D,49
10C,3805
111,85
105,77
10F,39
10B,72
106,0
107,-3
114,18
20,-6,4,-157
24,1396
0,116033
10D,51
10C,3983
111,85
105,78
10F,39
10B,34
106,0
107,-4
114,166
20,-1,-4,-125
24,1384
0,116589
10D,52
10C,3888
111,17
105,78
10F,39
10B,15
106,0
107,-4
114,255
20,4,-20,-126
24,1391
0,117133
10D,49
10C,2984
111,16
105,78
10F,39
10B,17
106,0
107,-4
114,255
20,10,-14,-137
24,1394
0,117683
10D,46
10C,2177
111,15
105,78
10F,39
10B,17
106,0
107,-4
114,255
20,6,-7,-109
24,1392
0,118233
10D,42
10C,1401
111,16
105,78
10F,39
10B,22
106,0
107,-4
114,0
20,4,-6,-120
24,1389
0,118783
10D,39
10C,1319
111,14
105,78
10F,39
10B,20
106,0
107,-4
114,141
20,4,-20,-121
24,1390
0,119333
10D,35
10C,1117
111,13
105,78
10F,39
10B,21
106,0
107,-4
114,174
20,8,-18,-129
24,1386
0,119883
10D,32
10C,957
111,13
105,79
10F,39
10B,23
106,0
107,-4
114,175
20,16,-23,-118
24,1387
0,120434
10D,27
10C,848
111,13
105,79
10F,39
10B,25
106,0
107,-4
114,174
20,11,-14,-117
24,1389
0,120984
10D,23
10C,826
111,13
105,79
10F,40
10B,24
106,0
107,-4
114,168
20,8,-17,-129
24,1378
0,121534
10D,19
10C,791
111,13
105,79
10F,40
10B,26
106,0
107,-4
114,164
20,-8,-1,-126
24,1399
0,122084
10D,18
10C,794
111,13
105,79
10F,40
10B,25
106,0
107,-4
114,160
20,4,-19,-150
24,1397
0,122639
10D,16
10C,1106
111,53
105,79
10F,41
10B,74
106,0
107,-4
114,6
20,5,11,-147
24,1393
0,123184
10D,16
10C,1328
111,81
105,79
10F,41
10B,74
106,4
107,-4
114,11
20,4,19,-153
24,1394
0,123734
10D,19
10C,1525
111,84
105,79
10F,41
10B,74
106,8
107,-4
114,140
20,3,13,-149
24,1393
0,124284
10D,21
10C,1691
111,20
105,80
10F,41
10B,39
106,7
107,-4
114,182
20,12,-3,-116
24,1399
0,124834
10D,22
10C,1695
111,15
105,80
10F,40
10B,22
106,5
107,-4
114,176
20,1,2,-135
24,1398
0,125446
10D,22
10C,1677
111,20
105,80
10F,40
10B,45
106,2
107,-4
114,59
20,5,5,-142
24,1388
0,125994
10D,22
10C,1709
111,24
105,80
10F,40
10B,59
106,2
107,-4
114,15
20,0,11,-121
24,1394
0,126544
10D,23
10C,1779
111,18
105,80
10F,40
10B,36
106,3
107,-4
114,173
20,-2,7,-124
24,1400
0,127094
10D,23
10C,1819
111,15
105,80
10F,39
10B,20
106,2
107,-4
114,163
20,3,-10,-136
24,1393
0,127644
10D,24
10C,1805
111,14
105,80
10F,39
10B,17
106,0
107,-4
114,138
20,0,0,-140
24,1399
0,128194
10D,22
10C,1751
111,14
105,81
10F,39
10B,17
106,0
107,-4
114,4
20,4,-7,-126
24,1387
0,128744
10D,21
10C,1448
111,14
105,81
10F,39
10B,18
106,0
107,-4
114,6
20,5,-12,-120
24,1391
0,129294
10D,18
10C,1219
111,14
105,81
10F,40
10B,20
106,0
107,-4
114,167
20,9,-5,-132
24,1390
0,129844
10D,17
10C,1037
111,13
105,81
10F,40
10B,22
106,0
107,-4
114,168
20,13,-11,-121
24,1390
0,130394
10D,14
10C,952
111,13
105,81
10F,40
10B,23
106,0
107,-4
114,161
20,10,-10,-131
24,1381
0,130944
10D,11
10C,846
111,13
105,81
10F,40
10B,24
106,0
107,-4
114,153
20,5,-2,-135
24,1357
0,131499
10D,8
10C,804
111,13
105,81
10F,40
10B,25
106,0
107,-4
114,125
20,3,-13,-138
24,1395
0,132044
10D,8
10C,1163
111,21
105,81
10F,41
10B,59
106,0
107,-4
114,6
20,-7,6,-145
24,1386
0,132594
10D,8
10C,1406
111,12
105,81
10F,41
10B,26
106,0
107,-4
114,174
20,-1,-3,-132
24,1376
0,133144
10D,8
10C,1354
111,14
105,81
10F,41
10B,34
106,0
107,-4
114,138
20,-5,5,-138
24,1374
0,133694
10D,9
10C,1256
111,16
105,81
10F,41
10B,36
106,0
107,-4
114,157
20,-19,-13,-133
24,1381
0,134244
10D,8
10C,1306
111,15
105,81
10F,41
10B,26
106,0
107,-4
114,148
20,-2,-5,-133
24,1393
0,134794
10D,8
10C,1288
111,17
105,81
10F,41
10B,36
106,0
107,-4
114,12
20,9,2,-139
24,1382
0,135344
10D,8
10C,1300
111,18
105,81
10F,41
10B,44
106,0
107,-4
114,10
20,-6,-8,-143
24,1380
0,135894
10D,9
10C,1461
111,21
105,82
10F,41
10B,54
106,2
107,-4
114,25
20,-2,5,-141
24,1396
0,136444
10D,11
10C,1727
111,21
105,82
10F,41
10B,46
106,3
107,-4
114,168
20,4,-1,-124
24,1394
0,136994
10D,13
10C,1766
111,14
105,82
10F,41
10B,19
106,3
107,-4
114,164
20,-5,-11,-145
24,1393
0,137544
10D,13
10C,1742
111,17
105,82
10F,40
10B,24
106,1
107,-4
114,16
20,5,-2,-121
24,1389
0,138094
10D,13
10C,1760
111,18
105,82
10F,40
10B,35
106,0
107,-4
114,24
20,13,5,-130
24,1395
0,138644
10D,13
10C,1833
111,19
105,82
10F,41
10B,38
106,0
107,-4
114,25
20,1,8,-136
24,1397
0,139194
10D,14
10C,1883
111,19
105,83
10F,41
10B,31
106,0
107,-4
114,141
20,10,-7,-138
24,1399
0,139744
10D,14
10C,1905
111,16
105,83
10F,40
10B,23
106,0
107,-4
114,6
20,3,-3,-137
24,1393
0,140294
10D,13
10C,2062
111,21
105,83
10F,41
10B,40
106,0
107,-4
114,163
20,4,-1,-130
24,1394
0,140844
10D,15
10C,2007
111,17
105,83
10F,41
10B,25
106,2
107,-4
114,7
20,11,3,-140
24,1394
0,141394
10D,14
10C,2063
111,17
105,83
10F,40
10B,27
106,2
107,-4
114,11
20,6,7,-139
24,1397
0,141944
10D,15
10C,2079
111,18
105,83
10F,40
10B,31
106,3
107,-4
114,153
20,7,1,-134
24,1395
0,142494
10D,15
10C,2106
111,18
105,84
10F,40
10B,26
106,3
107,-4
114,143
20,6,-1,-138
24,1395
0,143044
10D,16
10C,2041
111,15
105,84
10F,40
10B,17
106,0
107,-4
114,55
20,4,0,-126
24,1394
0,143594
10D,15
10C,1988
111,14
105,84
10F,40
10B,16
106,0
107,-4
114,15
20,3,-5,-140
24,1393
0,144144
10D,14
10C,1881
111,14
105,84
10F,40
10B,17
106,0
107,-4
114,18
20,8,-4,-133
24,1393
0,144695
10D,13
10C,1860
111,16
105,84
10F,40
10B,32
106,3
107,-4
114,50
20,17,10,-139
24,1388
0,145244
10D,13
10C,1896
111,22
105,84
10F,41
10B,50
106,3
107,-4
114,15
20,15,8,-138
24,1393
0,145795
10D,15
10C,2073
111,23
105,84
10F,41
10B,52
106,3
107,-4
114,147
20,7,9,-140
24,1399
0,146343
10D,17
10C,2380
111,24
105,84
10F,41
10B,59
106,2
107,-4
114,7
20,2,26,-134
24,1391
0,146895
10D,20
10C,2790
111,32
105,84
10F,40
10B,61
106,7
107,-4
114,173
20,-2,-7,-148
24,1393
0,147445
10D,23
10C,3069
111,20
105,84
10F,40
10B,29
106,2
107,-4
114,167
20,0,-5,-132
24,1391
0,147995
10D,23
10C,3139
111,20
105,84
10F,39
10B,27
106,-3
107,-4
114,116
20,5,-5,-137
24,1393
0,148545
10D,23
10C,3180
111,20
105,84
10F,39
10B,26
106,-3
107,-4
114,21
20,6,1,-131
24,1392
0,149095
10D,23
10C,3142
111,18
105,84
10F,39
10B,16
106,-3
107,-4
114,6
20,10,-7,-133
24,1391
0,149703
10D,22
10C,3007
111,17
105,84
10F,39
10B,16
106,1
107,-4
114,5
20,7,-4,-136
24,1392
0,150255
10D,21
10C,2810
111,16
105,84
10F,39
10B,17
106,5
107,-4
114,7
20,11,5,-138
24,1389
0,150805
10D,20
10C,2737
111,22
105,84
10F,40
10B,36
106,6
107,-4
114,149
20,6,10,-134
24,1391
0,151355
10D,20
10C,2757
111,23
105,85
10F,40
10B,42
106,0
107,-4
114,6
20,2,6,-143
24,1393
0,151905
10D,21
10C,2990
111,32
105,85
10F,40
10B,56
106,3
107,-4
114,180
20,7,0,-136
24,1386
0,152455
10D,23
10C,3190
111,18
105,85
10F,39
10B,17
106,0
107,-4
114,148
20,12,-4,-130
24,1387
0,153005
10D,23
10C,3088
111,17
105,85
10F,39
10B,16
106,0
107,-4
114,6
20,3,0,-127
24,1387
0,153555
10D,21
10C,2883
111,16
105,85
10F,39
10B,16
106,2
107,-4
114,6
20,14,-11,-134
24,1386
0,154105
10D,20
10C,2695
111,16
105,85
10F,39
10B,17
106,0
107,-4
114,255
20,3,12,-114
24,1396
0,154655
10D,18
10C,2463
111,16
105,85
10F,39
10B,24
106,0
107,-4
114,6
20,6,10,-125
24,1393
0,155205
10D,17
10C,2437
111,22
105,85
10F,40
10B,36
106,0
107,-4
114,169
20,9,-2,-123
24,1391
0,155760
10D,18
10C,2402
111,17
105,86
10F,40
10B,20
106,0
107,-4
114,148
20,4,0,-143
24,1395
0,156305
10D,17
10C,2314
111,16
105,86
10F,39
10B,16
106,0
107,-4
114,11
20,-2,-10,-131
24,1393
0,156855
10D,16
10C,2229
111,20
105,86
10F,39
10B,30
106,2
107,-4
114,16
20,4,-1,-136
24,1393
0,157405
10D,16
10C,2245
111,23
105,86
10F,40
10B,49
106,3
107,-4
114,144
20,9,4,-135
24,1386
0,157955
10D,17
10C,2405
111,23
105,86
10F,40
10B,53
106,-2
107,-4
114,150
20,9,12,-139
24,1394
0,158505
10D,18
10C,2494
111,15
105,86
10F,40
10B,22
106,-5
107,-4
114,6
20,8,-1,-128
24,1393
0,159055
10D,17
10C,2347
111,15
105,86
10F,39
10B,17
106,0
107,-4
114,255
20,2,-3,-131
24,1395
0,159605
10D,16
10C,2260
111,15
105,86
10F,39
10B,17
106,0
107,-4
114,255
20,4,-1,-131
24,1397
0,160155
10D,15
10C,2041
111,15
105,85
10F,39
10B,17
106,0
107,-4
114,0
20,12,3,-133
24,1394
0,160705
10D,14
10C,1970
111,17
105,85
10F,39
10B,23
106,0
107,-4
114,157
20,10,0,-134
24,1389
0,161255
10D,14
10C,1950
111,17
105,85
10F,39
10B,23
106,0
107,-4
114,164
20,5,5,-137
24,1393
0,161810
10D,14
10C,1971
111,17
105,85
10F,40
10B,18
106,0
107,-4
114,2
20,1,-2,-126
24,1393
0,162355
10D,14
10C,1562
111,14
105,85
10F,39
10B,18
106,0
107,-4
114,4
20,4,-9,-133
24,1385
0,162905
10D,13
10C,1315
111,14
105,85
10F,40
10B,20
106,0
107,-4
114,12
20,3,-15,-138
24,1380
0,163455
10D,13
10C,1094
111,14
105,84
10F,40
10B,22
106,0
107,-4
114,19
20,11,-6,-140
24,1383
0,164005
10D,11
10C,1007
111,14
105,84
10F,40
10B,24
106,0
107,-4
114,117
20,14,0,-133
24,1387
0,164555
10D,9
10C,909
111,13
105,84
10F,40
10B,24
106,0
107,-4
114,149
20,8,0,-137
24,1370
0,165105
10D,8
10C,810
111,13
105,84
10F,40
10B,26
106,0
107,-4
114,142
20,12,-5,-136
24,1384
0,165655
10D,8
10C,799
111,13
105,84
10F,40
10B,27
106,0
107,-4
114,117
20,11,-2,-132
24,1379
0,166205
10D,7
10C,782
111,13
105,84
10F,40
10B,26
106,0
107,-4
114,66
20,8,-5,-134
24,1383
0,166755
10D,6
10C,771
111,13
105,84
10F,40
10B,26
106,0
107,-4
114,20
20,7,-5,-133
24,1382
0,167305
10D,4
10C,782
111,13
105,84
10F,40
10B,25
106,0
107,-4
114,30
20,7,-5,-130
24,1380
0,167855
10D,3
10C,796
111,13
105,83
10F,41
10B,25
106,-1
107,-4
114,140
20,8,-3,-132
24,1380
0,168405
10D,1
10C,779
111,13
105,83
10F,41
10B,24
106,-1
107,-4
114,138
20,6,-3,-127
24,1377
0,168955
10D,0
10C,775
111,13
105,83
10F,41
10B,24
106,-1
107,-4
114,126
20,6,0,-136
24,1386
0,169505
10D,0
10C,781
111,13
105,83
10F,41
10B,24
106,-1
107,-4
114,110
20,6,0,-136
24,1386
0,170054
10D,0
10C,786
111,13
105,83
10F,41
10B,24
106,-2
107,-4
114,85
20,6,1,-136
24,1386
0,170606
10D,0
10C,783
111,13
105,83
10F,41
10B,24
106,-2
107,-4
114,19
20,7,-2,-138
24,1378
0,171156
10D,0
10C,787
111,13
105,82
10F,41
10B,25
106,-2
107,-4
114,21
20,8,-1,-134
24,1388
0,171706
10D,0
10C,822
111,13
105,82
10F,41
10B,24
106,-3
107,-4
114,135
20,7,0,-141
24,1384
0,172256
10D,0
10C,791
111,13
105,82
10F,41
10B,25
106,-3
107,-4
114,140
20,3,0,-135
24,1378
0,172806
10D,0
10C,762
111,12
105,82
10F,41
10B,25
106,-3
107,-4
114,116
20,6,0,-135
24,1375
0,173409
10D,0
10C,727
111,12
105,82
10F,41
10B,25
106,-3
107,-4
114,59
20,6,-2,-136
24,1378
0,173956
10D,0
10C,709
111,12
105,82
10F,41
10B,25
106,-3
107,-4
114,22
20,7,0,-137
24,1379
0,174506
10D,0
10C,716
111,12
105,82
10F,41
10B,25
106,-3
107,-4
114,77
20,7,0,-135
24,1387
0,175056
10D,0
10C,716
111,12
105,81
10F,41
10B,25
106,-3
107,-4
114,134
20,6,0,-137
24,1376
0,175606
10D,0
10C,707
111,12
105,81
10F,41
10B,25
106,-3
107,-4
114,128
20,3,2,-137
24,1377
0,176156
10D,0
10C,707
111,12
105,81
10F,41
10B,25
106,-3
107,-4
114,102
20,8,1,-139
24,1379
0,176706
10D,0
10C,708
111,12
105,81
10F,41
10B,25
106,-4
107,-4
114,19
20,6,0,-133
24,1377
0,177261
10D,0
10C,710
111,12
105,81
10F,41
10B,25
106,-4
107,-4
114,17
20,6,0,-136
24,1382
0,177806
10D,0
10C,715
111,12
105,81
10F,41
10B,25
106,-4
107,-4
114,19
20,4,3,-136
24,1374
0,178356
10D,0
10C,719
111,13
105,81
10F,41
10B,27
106,-4
107,-4
114,20
20,7,0,-136
24,1378
0,178906
10D,0
10C,737
111,12
105,81
10F,41
10B,25
106,-4
107,-4
114,24
20,4,0,-135
24,1382
0,179456
10D,0
10C,725
111,12
105,81
10F,41
10B,25
106,-3
107,-4
114,33
20,5,0,-132
24,1367
0,180006
10D,0
10C,720
111,12
105,81
10F,41
10B,25
106,-3
107,-4
114,118
20,8,1,-138
24,1375
0,180556
10D,0
10C,717
111,12
105,81
10F,41
10B,25
106,-3
107,-4
114,135
20,5,0,-136
24,1377
0,181106
10D,0
10C,710
111,12
105,81
10F,42
10B,25
106,-3
107,-4
114,117
20,7,0,-136
24,1375
0,181656
10D,0
10C,711
111,12
105,81
10F,42
10B,25
106,-3
107,-4
114,101
20,6,0,-136
24,1379
0,182206
10D,0
10C,714
111,12
105,81
10F,42
10B,25
106,-2
107,-4
114,19
20,6,0,-136
24,1374
0,182756
10D,0
10C,708
111,12
105,81
10F,42
10B,25
106,-2
107,-4
114,17
20,6,0,-137
24,1379
0,183312
10D,0
10C,712
111,12
105,81
10F,42
10B,25
106,-2
107,-4
114,19
20,6,0,-135
24,1383
0,183856
10D,0
10C,713
111,12
105,81
10F,42
10B,25
106,-2
107,-4
114,23
20,6,1,-136
24,1378
0,184406
10D,0
10C,720
111,12
105,81
10F,42
10B,24
106,-2
107,-4
114,131
20,6,-1,-138
24,1380
0,184956
10D,0
10C,718
111,12
105,81
10F,42
10B,24
106,-2
107,-4
114,130
20,5,0,-135
24,1370
0,185506
10D,0
10C,709
111,12
105,81
10F,42
10B,25
106,-2
107,-4
114,100
20,6,0,-137
24,1380
0,186056
10D,0
10C,713
111,12
105,81
10F,42
10B,25
106,-1
107,-4
114,21
20,7,0,-137
24,1381
0,186606
10D,0
10C,713
111,12
105,81
10F,42
10B,25
106,-1
107,-4
114,18
20,7,-1,-135
24,1378
0,187156
10D,0
10C,714
111,12
105,81
10F,42
10B,25
106,-1
107,-4
114,19
20,6,0,-137
24,1371
0,187706
10D,0
10C,717
111,12
105,81
10F,42
10B,24
106,-1
107,-4
114,22
20,6,1,-135
24,1378
0,188256
10D,0
10C,714
111,12
105,81
10F,42
10B,25
106,-1
107,-4
114,66
20,4,1,-134
24,1373
0,188806
10D,0
10C,725
111,12
105,81
10F,42
10B,24
106,0
107,-4
114,137
20,5,0,-135
24,1379
0,189356
10D,0
10C,721
111,12
105,81
10F,42
10B,24
106,0
107,-4
114,118
20,7,0,-136
24,1389
0,189906
10D,0
10C,712
111,13
105,81
10F,42
10B,26
106,0
107,-4
114,38
20,6,1,-134
24,1389
0,190456
10D,0
10C,1023
111,53
105,81
10F,42
10B,74
106,0
107,-4
114,6
20,3,12,-140
24,1388
0,191006
10D,0
10C,898
111,81
105,81
10F,42
10B,74
106,3
107,-4
114,10
20,3,14,-140
24,1372
0,191556
10D,4
10C,1013
111,69
105,81
10F,42
10B,74
106,7
107,-4
114,20
20,2,10,-146
24,1386
0,192106
10D,8
10C,1056
111,29
105,81
10F,42
10B,62
106,8
107,-4
114,169
20,18,2,-127
24,1387
0,192656
10D,9
10C,1275
111,13
105,81
10F,42
10B,27
106,8
107,-4
114,180
20,6,0,-127
24,1394
0,193206
10D,9
10C,1203
111,13
105,81
10F,41
10B,20
106,7
107,-4
114,176
20,13,0,-129
24,1391
0,193756
10D,8
10C,1061
111,14
105,81
10F,41
10B,22
106,7
107,-4
114,165
20,3,2,-134
24,1392
0,194305
10D,7
10C,1185
111,18
105,81
10F,41
10B,40
106,5
107,-4
114,21
20,0,3,-145
24,1381
0,194857
10D,8
10C,1265
111,19
105,81
10F,42
10B,50
106,5
107,-4
114,16
20,1,7,-135
24,1386
0,195407
10D,10
10C,1437
111,21
105,81
10F,42
10B,53
106,4
107,-4
114,24
20,6,17,-132
24,1377
0,195957
10D,12
10C,1763
111,23
105,81
10F,42
10B,57
106,6
107,-4
114,10
20,6,15,-143
24,1378
0,196507
10D,15
10C,2140
111,30
105,81
10F,41
10B,63
106,12
107,-4
114,150
20,18,22,-133
24,1384
0,197057
10D,18
10C,2655
111,31
105,81
10F,41
10B,61
106,6
107,-4
114,150
20,35,18,-145
24,1376
0,197607
10D,21
10C,2909
111,30
105,81
10F,40
10B,56
106,3
107,-4
114,31
20,25,22,-135
24,1385
0,198252
10D,23
10C,3471
111,37
105,81
10F,40
10B,64
106,10
107,-4
114,147
20,6,26,-152
24,1383
0,198797
10D,27
10C,3787
111,42
105,81
10F,39
10B,65
106,1
107,-4
114,152
20,18,5,-127
24,1389
0,199347
10D,31
10C,4079
111,20
105,81
10F,39
10B,16
106,0
107,-4
114,255
20,14,2,-129
24,1393
0,199897
10D,31
10C,3580
111,29
105,82
10F,39
10B,54
106,0
107,-4
114,9
20,5,20,-146
24,1387
0,200447
10D,31
10C,2768
111,49
105,82
10F,39
10B,72
106,10
107,-4
114,73
20,-3,7,-144
24,1386
0,200997
10D,35
10C,2695
111,79
105,82
10F,39
10B,73
106,7
107,-4
114,75
20,-1,9,-143
24,1380
0,201547
10D,38
10C,2945
111,83
105,82
10F,39
10B,72
106,6
107,-4
114,128
20,-1,11,-144
24,1382
0,202097
10D,41
10C,3177
111,85
105,82
10F,39
10B,72
106,6
107,-4
114,62
20,-1,9,-144
24,1385
0,202647
10D,43
10C,3396
111,85
105,83
10F,39
10B,72
106,3
107,-4
114,39
20,-2,13,-145
24,1392
0,203197
10D,46
10C,3531
111,85
105,83
10F,39
10B,72
106,0
107,-3
114,137
20,0,12,-147
24,1384
0,203747
10D,49
10C,3755
111,85
105,83
10F,39
10B,72
106,0
107,-3
114,143
20,0,9,-144
24,1389
0,204302
10D,52
10C,3969
111,85
105,83
10F,38
10B,72
106,0
107,-4
114,161
20,3,-3,-134
24,1392
0,204847
10D,53
10C,4024
111,17
105,84
10F,38
10B,15
106,0
107,-4
114,10
20,-3,15,-148
24,1383
0,205397
10D,53
10C,3572
111,44
105,84
10F,38
10B,72
106,1
107,-4
114,11
20,-10,7,-143
24,1386
0,205947
10D,55
10C,2836
111,65
105,84
10F,38
10B,73
106,7
107,-4
114,147
20,-3,5,-143
24,1388
0,206497
10D,56
10C,2900
111,83
105,84
10F,38
10B,73
106,3
107,-4
114,26
20,-8,7,-137
24,1386
0,207047
10D,57
10C,2965
111,85
105,84
10F,38
10B,73
106,4
107,-4
114,23
20,-4,4,-140
24,1392
0,207597
10D,58
10C,3016
111,85
105,84
10F,38
10B,73
106,4
107,-4
114,58
20,-3,6,-149
24,1390
0,208147
10D,60
10C,3099
111,85
105,84
10F,38
10B,72
106,3
107,-4
114,27
20,5,5,-135
24,1389
0,208697
10D,62
10C,3186
111,85
105,84
10F,37
10B,73
106,3
107,-4
114,144
20,3,8,-141
24,1387
0,209247
10D,63
10C,3269
111,85
105,85
10F,37
10B,41
106,1
107,-4
114,187
20,12,-2,-136
24,1378
0,209797
10D,64
10C,3273
111,17
105,85
10F,37
10B,16
106,-3
107,-4
114,137
20,7,-3,-131
24,1391
0,210347
10D,63
10C,3196
111,17
105,85
10F,37
10B,16
106,-4
107,-4
114,6
20,9,-11,-129
24,1386
0,210897
10D,61
10C,3097
111,17
105,85
10F,37
10B,16
106,0
107,-4
114,3
20,9,-11,-118
24,1388
0,211447
10D,59
10C,2951
111,16
105,85
10F,37
10B,17
106,0
107,-4
114,255
20,7,-13,-128
24,1385
0,211997
10D,56
10C,2848
111,16
105,85
10F,37
10B,17
106,0
107,-4
114,255
20,9,-12,-124
24,1384
0,212547
10D,53
10C,2693
111,16
105,85
10F,38
10B,17
106,0
107,-4
114,255
20,6,-4,-134
24,1394
0,213097
10D,51
10C,2585
111,16
105,85
10F,38
10B,21
106,0
107,-4
114,6
20,8,4,-141
24,1386
0,213647
10D,50
10C,2587
111,44
105,85
10F,38
10B,72
106,3
107,-4
114,16
20,-1,9,-135
24,1387
0,214197
10D,51
10C,2630
111,21
105,84
10F,38
10B,24
106,0
107,-4
114,1
20,10,-3,-136
24,1397
0,214747
10D,51
10C,2255
111,15
105,84
10F,38
10B,18
106,0
107,-4
114,255
20,7,-2,-132
24,1382
0,215297
10D,50
10C,1522
111,14
105,84
10F,38
10B,22
106,0
107,-4
114,2
20,7,-9,-128
24,1378
0,215848
10D,49
10C,1287
111,14
105,84
10F,38
10B,21
106,0
107,-4
114,15
20,5,-10,-116
24,1380
0,216397
10D,46
10C,1157
111,14
105,84
10F,38
10B,22
106,0
107,-4
114,169
20,10,-13,-118
24,1384
0,216947
10D,42
10C,996
111,13
105,84
10F,38
10B,23
106,0
107,-4
114,171
20,13,-16,-124
24,1374
0,217497
10D,37
10C,875
111,13
105,84
10F,38
10B,24
106,0
107,-4
114,172
20,14,-19,-121
24,1381
0,218047
10D,34
10C,821
111,13
105,83
10F,39
10B,24
106,0
107,-4
114,166
20,12,-21,-120
24,1387
0,218597
10D,28
10C,797
111,13
105,83
10F,39
10B,24
106,0
107,-4
114,160
20,10,-18,-127
24,1382
0,219152
10D,23
10C,786
111,13
105,83
10F,39
10B,24
106,0
107,-4
114,156
20,9,0,-108
24,1385
0,219697
10D,19
10C,1400
111,49
105,83
10F,39
10B,74
106,0
107,-4
114,6
20,-4,24,-123
24,1383
0,220248
10D,21
10C,1737
111,80
105,82
10F,39
10B,74
106,5
107,-4
114,20
20,6,11,-143
24,1392
0,220798
10D,24
10C,1829
111,85
105,82
10F,39
10B,73
106,7
107,-4
114,145
20,0,11,-143
24,1390
0,221348
10D,26
10C,2038
111,85
105,82
10F,39
10B,73
106,3
107,-4
114,15
20,5,11,-146
24,1384
0,221970
10D,29
10C,2264
111,85
105,82
10F,39
10B,73
106,5
107,-4
114,107
20,0,11,-146
24,1376
0,222518
10D,32
10C,2506
111,85
105,81
10F,39
10B,73
106,6
107,-4
114,136
20,4,13,-145
24,1388
0,223068
10D,34
10C,2746
111,85
105,81
10F,39
10B,73
106,5
107,-4
114,121
20,4,14,-145
24,1389
0,223618
10D,38
10C,2894
111,85
105,81
10F,38
10B,73
106,5
107,-4
114,106
20,4,2,-129
24,1388
0,224168
10D,40
10C,3086
111,57
105,81
10F,38
10B,25
106,0
107,-4
114,3
20,6,1,-132
24,1391
0,224718
10D,40
10C,2667
111,16
105,81
10F,38
10B,48
106,0
107,-4
114,6
20,6,8,-142
24,1385
0,225268
10D,40
10C,2138
111,49
105,81
10F,38
10B,73
106,3
107,-4
114,12
20,1,11,-128
24,1386
0,225818
10D,42
10C,2185
111,80
105,81
10F,38
10B,73
106,7
107,-4
114,161
20,2,2,-132
24,1386
0,226368
10D,44
10C,2245
111,16
105,81
10F,38
10B,23
106,0
107,-4
114,1
20,10,1,-135
24,1391
0,226918
10D,43
10C,1572
111,14
105,81
10F,37
10B,20
106,0
107,-4
114,2
20,12,-6,-140
24,1379
0,227467
10D,42
10C,1326
111,14
105,81
10F,38
10B,20
106,0
107,-4
114,155
20,8,-8,-137
24,1387
0,228023
10D,40
10C,1175
111,13
105,81
10F,38
10B,21
106,0
107,-4
114,173
20,5,-6,-124
24,1383
0,228568
10D,38
10C,1005
111,13
105,81
10F,38
10B,22
106,0
107,-4
114,173
20,7,-6,-133
24,1382
0,229118
10D,36
10C,885
111,13
105,81
10F,38
10B,23
106,0
107,-4
114,172
20,7,-5,-135
24,1384
0,229668
10D,35
10C,820
111,13
105,81
10F,38
10B,24
106,0
107,-4
114,168
20,5,-4,-134
24,1367
0,230218
10D,34
10C,788
111,13
105,81
10F,38
10B,25
106,0
107,-4
114,162
20,9,-10,-126
24,1362
0,230768
10D,32
10C,788
111,13
105,81
10F,38
10B,25
106,0
107,-4
114,159
20,9,-15,-126
24,1353
0,231318
10D,29
10C,788
111,13
105,81
10F,38
10B,25
106,0
107,-4
114,156
20,4,-11,-127
24,1382
0,231868
10D,26
10C,796
111,13
105,81
10F,38
10B,25
106,0
107,-4
114,153
20,8,-3,-131
24,1376
0,232418
10D,24
10C,779
111,13
105,81
10F,39
10B,25
106,0
107,-4
114,148
20,8,-8,-136
24,1369
0,232968
10D,23
10C,786
111,13
105,82
10F,39
10B,25
106,0
107,-4
114,143
20,7,-6,-132
24,1340
0,233518
10D,21
10C,801
111,13
105,82
10F,39
10B,26
106,-1
107,-4
114,113
20,-3,-17,-134
24,1376
0,234073
10D,20
10C,870
111,13
105,82
10F,39
10B,25
106,-2
107,-4
114,17
20,-14,-8,-143
24,1373
0,234618
10D,17
10C,1289
111,22
105,82
10F,39
10B,49
106,0
107,-4
114,10
20,-20,-6,-143
24,1364
0,235168
10D,17
10C,1375
111,22
105,82
10F,39
10B,57
106,0
107,-4
114,9
20,-25,-7,-144
24,1361
0,235718
10D,18
10C,1477
111,41
105,82
10F,39
10B,74
106,6
107,-4
114,14
20,-31,-21,-163
24,1378
0,236268
10D,20
10C,1637
111,80
105,82
10F,39
10B,74
106,8
107,-4
114,147
20,-21,0,-155
24,1385
0,236818
10D,23
10C,1736
111,84
105,82
10F,39
10B,74
106,5
107,-4
114,109
20,-23,-12,-150
24,1368
0,237368
10D,24
10C,1881
111,85
105,82
10F,39
10B,73
106,3
107,-4
114,42
20,7,18,-162
24,1390
0,237918
10D,26
10C,2058
111,85
105,83
10F,39
10B,73
106,3
107,-4
114,176
20,-5,3,-138
24,1377
0,238468
10D,28
10C,2172
111,16
105,83
10F,38
10B,20
106,0
107,-4
114,179
20,7,-2,-136
24,1380
0,239018
10D,28
10C,2128
111,14
105,83
10F,38
10B,17
106,-3
107,-4
114,150
20,8,-1,-140
24,1378
0,239568
10D,25
10C,1983
111,14
105,83
10F,38
10B,16
106,-4
107,-4
114,9
20,7,-12,-123
24,1375
0,240128
10D,22
10C,1691
111,14
105,83
10F,38
10B,17
106,0
107,-4
114,3
20,14,6,-131
24,1386
0,240678
10D,21
10C,1560
111,14
105,83
10F,38
10B,17
106,0
107,-4
114,1
20,-2,-2,-148
24,1386
0,241228
10D,19
10C,1471
111,14
105,84
10F,38
10B,24
106,0
107,-4
114,7
20,3,0,-140
24,1393
0,241777
10D,18
10C,1468
111,22
105,84
10F,39
10B,53
106,0
107,-4
114,10
20,5,9,-131
24,1379
0,242328
10D,19
10C,1496
111,24
105,84
10F,39
10B,58
106,1
107,-4
114,149
20,9,3,-121
24,1388
0,242883
10D,20
10C,1602
111,18
105,84
10F,39
10B,39
106,1
107,-4
114,171
20,11,0,-135
24,1389
0,243428
10D,21
10C,1633
111,15
105,84
10F,39
10B,21
106,1
107,-4
114,166
20,18,15,-144
24,1392
0,243979
10D,21
10C,1600
111,15
105,84
10F,38
10B,21
106,0
107,-4
114,147
20,4,-12,-126
24,1392
0,244529
10D,20
10C,1539
111,15
105,84
10F,39
10B,21
106,-1
107,-4
114,62
20,0,-3,-129
24,1389
0,245077
10D,20
10C,1500
111,14
105,84
10F,39
10B,20
106,-1
107,-4
114,16
20,-2,-2,-138
24,1389
0,245701
10D,19
10C,1427
111,14
105,84
10F,39
10B,19
106,-1
107,-4
114,37
20,5,-1,-145
24,1387
0,246249
10D,17
10C,1340
111,14
105,84
10F,39
10B,19
106,-3
107,-4
114,137
20,5,-5,-135
24,1354
0,246799
10D,17
10C,1295
111,13
105,84
10F,39
10B,19
106,-3
107,-4
114,144
20,10,-3,-130
24,1385
0,247349
10D,15
10C,1084
111,14
105,84
10F,39
10B,21
106,-3
107,-4
114,147
20,10,-5,-132
24,1390
0,247899
10D,13
10C,969
111,20
105,84
10F,39
10B,62
106,0
107,-4
114,7
20,9,8,-146
24,1385
0,248449
10D,14
10C,1120
111,44
105,84
10F,39
10B,74
106,1
107,-4
114,9
20,3,8,-144
24,1388
0,248999
10D,15
10C,1194
111,80
105,84
10F,39
10B,74
106,5
107,-4
114,14
20,3,8,-146
24,1390
0,249549
10D,17
10C,1314
111,83
105,84
10F,39
10B,74
106,10
107,-4
114,71
20,-1,13,-154
24,1389
0,250099
10D,19
10C,1483
111,85
105,84
10F,39
10B,74
106,10
107,-4
114,127
20,0,10,-147
24,1386
0,250649
10D,20
10C,1679
111,72
105,84
10F,39
10B,73
106,6
107,-4
114,24
20,-1,13,-151
24,1389
0,251199
10D,23
10C,1802
111,22
105,84
10F,39
10B,50
106,4
107,-4
114,174
20,3,0,-139
24,1390
0,251754
10D,24
10C,1899
111,21
105,83
10F,39
10B,47
106,0
107,-4
114,161
20,1,8,-146
24,1390
0,252299
10D,25
10C,1952
111,18
105,83
10F,39
10B,35
106,-3
107,-4
114,124
20,14,1,-141
24,1380
0,252849
10D,25
10C,1967
111,19
105,83
10F,39
10B,35
106,-3
107,-4
114,13
20,12,-5,-139
24,1386
0,253399
10D,25
10C,1935
111,18
105,83
10F,39
10B,33
106,-5
107,-4
114,60
20,14,2,-133
24,1393
0,253949
10D,25
10C,1965
111,18
105,83
10F,39
10B,33
106,-4
107,-4
114,24
20,3,0,-142
24,1390
0,254499
10D,25
10C,1968
111,19
105,83
10F,39
10B,36
106,-3
107,-4
114,75
20,11,5,-167
24,1387
0,255049
10D,25
10C,1964
111,21
105,83
10F,39
10B,49
106,-3
107,-4
114,12
20,-9,16,-148
24,1389
0,255599
10D,26
10C,2002
111,22
105,83
10F,39
10B,50
106,0
107,-4
114,146
20,26,-15,-142
24,1391
0,256149
10D,27
10C,2074
111,16
105,82
10F,39
10B,29
106,0
107,-4
114,164
20,18,-6,-148
24,1383
0,256699
10D,26
10C,1832
111,14
105,82
10F,38
10B,19
106,0
107,-4
114,0
20,6,-6,-125
24,1380
0,257249
10D,24
10C,1418
111,15
105,82
10F,38
10B,23
106,0
107,-4
114,11
20,15,-2,-146
24,1382
0,257799
10D,22
10C,1515
111,25
105,82
10F,39
10B,50
106,0
107,-4
114,153
20,-4,28,-121
24,1388
0,258349
10D,22
10C,1681
111,19
105,82
10F,39
10B,52
106,0
107,-4
114,9
20,25,-34,-137
24,1380
0,258899
10D,23
10C,1721
111,31
105,82
10F,39
10B,71
106,1
107,-4
114,12
20,-16,6,-157
24,1381
0,259449
10D,24
10C,1843
111,71
105,82
10F,39
10B,73
106,7
107,-4
114,146
20,2,17,-146
24,1382
0,259999
10D,25
10C,1969
111,83
105,82
10F,39
10B,73
106,4
107,-4
114,85
20,5,20,-154
24,1383
0,260555
10D,28
10C,2189
111,81
105,82
10F,39
10B,73
106,4
107,-4
114,25
20,6,13,-146
24,1386
0,261099
10D,31
10C,2381
111,72
105,81
10F,39
10B,73
106,7
107,-4
114,147
20,2,16,-127
24,1378
0,261649
10D,33
10C,2461
111,14
105,81
10F,38
10B,19
106,0
107,-4
114,3
20,9,9,-134
24,1388
0,262199
10D,33
10C,2039
111,14
105,81
10F,38
10B,18
106,0
107,-4
114,255
20,20,-25,-133
24,1364
0,262749
10D,30
10C,1476
111,16
105,81
10F,38
10B,22
106,0
107,-4
114,9
20,7,-2,-126
24,1372
0,263299
10D,26
10C,1266
111,14
105,81
10F,38
10B,22
106,0
107,-4
114,147
20,5,-16,-126
24,1370
0,263849
10D,24
10C,1080
111,14
105,81
10F,38
10B,23
106,0
107,-4
114,156
20,13,-11,-120
24,1381
0,264399
10D,19
10C,1003
111,13
105,81
10F,38
10B,24
106,0
107,-4
114,152
20,14,-16,-120
24,1378
0,264949
10D,15
10C,891
111,13
105,81
10F,38
10B,24
106,0
107,-4
114,152
20,26,-9,-118
24,1336
0,265499
10D,11
10C,801
111,13
105,81
10F,38
10B,28
106,0
107,-4
114,18
20,20,-10,-129
24,1347
0,266049
10D,9
10C,1420
111,22
105,81
10F,39
10B,57
106,0
107,-4
114,9
20,20,14,-137
24,1344
0,266604
10D,9
10C,1560
111,14
105,81
10F,39
10B,31
106,1
107,-4
114,173
20,18,0,-131
24,1373
0,267149
10D,10
10C,1399
111,13
105,81
10F,39
10B,20
106,1
107,-4
114,170
20,11,-8,-125
24,1381
0,267698
10D,8
10C,1174
111,13
105,81
10F,38
10B,20
106,1
107,-4
114,162
20,-1,-33,-142
24,1360
0,268248
10D,7
10C,1003
111,13
105,81
10F,39
10B,22
106,1
107,-4
114,157
20,14,-14,-143
24,1342
0,268799
10D,4
10C,924
111,13
105,82
10F,39
10B,23
106,0
107,-4
114,153
20,17,-1,-131
24,1380
0,269421
10D,3
10C,849
111,13
105,82
10F,39
10B,24
106,0
107,-4
114,147
20,8,-2,-132
24,1376
0,269970
10D,3
10C,790
111,14
105,82
10F,39
10B,28
106,-1
107,-4
114,109
20,2,-8,-129
24,1335
0,270520
10D,2
10C,800
111,13
105,82
10F,39
10B,27
106,-1
107,-4
114,22
20,4,-9,-129
24,1292
0,271070
10D,1
10C,769
111,14
105,82
10F,39
10B,30
106,0
107,-4
114,22
20,5,-9,-133
24,1315
0,271620
10D,0
10C,786
111,55
105,82
10F,39
10B,74
106,0
107,-4
114,7
20,3,1,-140
24,1342
0,272170
10D,1
10C,1112
111,21
105,82
10F,39
10B,51
106,0
107,-4
114,159
20,5,-5,-135
24,1310
0,272720
10D,0
10C,1754
111,21
105,82
10F,39
10B,31
106,0
107,-4
114,172
20,5,-4,-135
24,1315
0,273270
10D,1
10C,1793
111,25
105,82
10F,39
10B,59
106,0
107,-4
114,7
20,1,-1,-139
24,1309
0,273820
10D,1
10C,2051
111,14
105,82
10F,39
10B,27
106,0
107,-4
114,162
20,0,-3,-138
24,1359
0,274370
10D,1
10C,2015
111,22
105,82
10F,39
10B,40
106,0
107,-4
114,167
20,0,3,-140
24,1366
0,274920
10D,0
10C,1796
111,14
105,83
10F,39
10B,18
106,0
107,-4
114,122
20,3,-1,-137
24,1330
0,275469
10D,0
10C,1455
111,13
105,83
10F,39
10B,18
106,-1
107,-4
114,116
20,3,-2,-138
24,1305
0,276020
10D,0
10C,1267
111,13
105,83
10F,39
10B,20
106,-3
107,-4
114,124
20,0,0,-136
24,1362
0,276570
10D,0
10C,1062
111,13
105,83
10F,39
10B,21
106,-3
107,-4
114,116
20,2,-1,-138
24,1356
0,277120
10D,0
10C,912
111,13
105,83
10F,39
10B,24
106,-4
107,-4
114,21
20,4,0,-141
24,1327
0,277670
10D,0
10C,809
111,23
105,84
10F,39
10B,74
106,0
107,-4
114,6
20,7,-9,-135
24,1308
0,278220
10D,0
10C,708
111,74
105,84
10F,39
10B,74
106,0
107,-4
114,9
20,6,-7,-128
24,1338
0,278770
10D,1
10C,1262
111,77
105,84
10F,39
10B,74
106,5
107,-4
114,10
20,-2,-1,-141
24,1347
0,279320
10D,3
10C,1543
111,15
105,84
10F,39
10B,30
106,7
107,-4
114,181
20,18,2,-123
24,1311
0,279869
10D,2
10C,778
111,28
105,84
10F,39
10B,74
106,7
107,-4
114,175
20,0,-2,-141
24,1331
0,280420
10D,3
10C,774
111,25
105,84
10F,39
10B,53
106,6
107,-4
114,133
20,4,5,-132
24,1359
0,280970
10D,2
10C,1180
111,14
105,84
10F,39
10B,30
106,3
107,-4
114,173
20,8,1,-137
24,1347
0,281520
10D,2
10C,905
111,19
105,84
10F,39
10B,56
106,3
107,-4
114,67
20,3,0,-140
24,1331
0,282070
10D,2
10C,1024
111,23
105,84
10F,39
10B,58
106,3
107,-4
114,47
20,-1,7,-143
24,1319
0,282620
10D,2
10C,1138
111,13
105,84
10F,39
10B,27
106,2
107,-4
114,172
20,3,3,-141
24,1288
0,283170
10D,0
10C,1015
111,14
105,84
10F,39
10B,60
106,0
107,-4
114,6
20,2,8,-143
24,1314
0,283720
10D,0
10C,1325
111,54
105,84
10F,39
10B,74
106,1
107,-4
114,9
20,12,14,-139
24,1290
0,284270
10D,2
10C,1924
111,30
105,84
10F,39
10B,69
106,6
107,-4
114,10
20,17,25,-146
24,1339
0,284820
10D,6
10C,2124
111,52
105,84
10F,39
10B,73
106,10
107,-4
114,152
20,5,26,-146
24,1363
0,285370
10D,13
10C,1803
111,76
105,84
10F,39
10B,73
106,7
107,-4
114,78
20,8,16,-154
24,1363
0,285920
10D,18
10C,2598
111,84
105,84
10F,39
10B,73
106,6
107,-4
114,18
20,1,16,-159
24,1357
0,286470
10D,22
10C,3292
111,85
105,84
10F,39
10B,59
106,0
107,-4
114,176
20,5,3,-133
24,1333
0,287020
10D,25
10C,3272
111,25
105,84
10F,39
10B,43
106,0
107,-4
114,10
20,4,10,-129
24,1314
0,287574
10D,27
10C,1940
111,30
105,84
10F,39
10B,71
106,0
107,-4
114,6
20,6,14,-145
24,1354
0,288120
10D,30
10C,2304
111,73
105,84
10F,39
10B,56
106,3
107,-4
114,182
20,4,4,-145
24,1361
0,288669
10D,31
10C,2377
111,15
105,84
10F,38
10B,17
106,3
107,-4
114,174
20,11,-3,-130
24,1319
0,289220
10D,31
10C,2381
111,15
105,84
10F,38
10B,16
106,0
107,-4
114,152
20,7,0,-129
24,1307
0,289770
10D,29
10C,2233
111,15
105,84
10F,38
10B,15
106,0
107,-4
114,11
20,15,-8,-133
24,1347
0,290320
10D,27
10C,2055
111,14
105,84
10F,38
10B,16
106,0
107,-4
114,1
20,17,-11,-115
24,1351
0,290870
10D,25
10C,1867
111,14
105,84
10F,38
10B,17
106,0
107,-4
114,255
20,8,-6,-124
24,1352
0,291420
10D,23
10C,1766
111,14
105,84
10F,38
10B,17
106,0
107,-4
114,255
20,0,-2,-134
24,1361
0,291970
10D,21
10C,1619
111,14
105,84
10F,39
10B,18
106,0
107,-4
114,255
20,11,-2,-155
24,1360
0,292520
10D,20
10C,1574
111,14
105,84
10F,39
10B,35
106,0
107,-4
114,7
20,10,-18,-155
24,1353
0,293071
10D,19
10C,1566
111,34
105,83
10F,39
10B,73
106,0
107,-4
114,12
20,0,5,-134
24,1353
0,293693
10D,20
10C,1712
111,76
105,83
10F,39
10B,73
106,7
107,-4
114,142
20,0,9,-145
24,1359
0,294241
10D,25
10C,2019
111,83
105,83
10F,39
10B,73
106,6
107,-4
114,33
20,13,12,-153
24,1354
0,294791
10D,28
10C,2200
111,85
105,83
10F,39
10B,73
106,6
107,-4
114,168
20,23,4,-166
24,1354
0,295341
10D,31
10C,2396
111,15
105,83
10F,39
10B,19
106,0
107,-4
114,10
20,8,10,-142
24,1347
0,295891
10D,30
10C,1969
111,30
105,83
10F,39
10B,72
106,0
107,-4
114,7
20,10,2,-139
24,1343
0,296441
10D,33
10C,1748
111,74
105,82
10F,39
10B,74
106,0
107,-4
114,12
20,-1,14,-141
24,1355
0,296991
10D,35
10C,1788
111,83
105,82
10F,39
10B,74
106,5
107,-4
114,141
20,-1,8,-111
24,1355
0,297541
10D,37
10C,1916
111,85
105,82
10F,39
10B,73
106,1
107,-4
114,69
20,11,-7,-117
24,1354
0,298091
10D,38
10C,2024
111,26
105,82
10F,39
10B,49
106,-3
107,-4
114,173
20,7,6,-116
24,1346
0,298641
10D,40
10C,2054
111,18
105,82
10F,38
10B,24
106,-6
107,-4
114,166
20,24,15,-141
24,1350
0,299191
10D,40
10C,2050
111,15
105,82
10F,38
10B,16
106,-8
107,-4
114,9
20,15,2,-140
24,1348
0,299746
10D,40
10C,2036
111,15
105,82
10F,38
10B,16
106,-8
107,-4
114,11
20,6,-6,-132
24,1348
0,300291
10D,40
10C,1984
111,14
105,82
10F,38
10B,15
106,0
107,-4
114,0
20,17,-1,-155
24,1357
0,300841
10D,39
10C,1976
111,14
105,82
10F,38
10B,16
106,0
107,-4
114,255
20,-3,1,-120
24,1342
0,301391
10D,37
10C,1905
111,14
105,82
10F,38
10B,17
106,0
107,-4
114,255
20,1,43,-116
24,1355
0,301941
10D,34
10C,1723
111,14
105,82
10F,38
10B,29
106,0
107,-4
114,9
20,32,-6,-81
24,1358
0,302491
10D,33
10C,1722
111,22
105,82
10F,39
10B,47
106,0
107,-4
114,164
20,20,-12,-144
24,1347
0,303041
10D,34
10C,1811
111,25
105,82
10F,39
10B,59
106,0
107,-4
114,10
20,16,-10,-130
24,1351
0,303591
10D,35
10C,1819
111,28
105,82
10F,39
10B,63
106,3
107,-4
114,26
20,7,6,-123
24,1352
0,304141
10D,37
10C,1901
111,29
105,82
10F,39
10B,63
106,6
107,-4
114,142
20,-7,-7,-89
24,1356
0,304691
10D,38
10C,2005
111,28
105,82
10F,39
10B,62
106,3
107,-4
114,31
20,16,4,-152
24,1360
0,305241
10D,40
10C,2077
111,29
105,82
10F,39
10B,56
106,3
107,-4
114,164
20,7,3,-130
24,1355
0,305791
10D,41
10C,2122
111,17
105,82
10F,38
10B,35
106,0
107,-4
114,170
20,13,2,-150
24,1356
0,306341
10D,42
10C,2123
111,15
105,82
10F,38
10B,16
106,-3
107,-4
114,100
20,3,-7,-106
24,1342
0,306891
10D,42
10C,2058
111,15
105,82
10F,38
10B,16
106,0
107,-4
114,10
20,2,-1,-123
24,1338
0,307441
10D,38
10C,1921
111,14
105,82
10F,38
10B,17
106,0
107,-4
114,255
20,7,-20,-132
24,1344
0,307991
10D,37
10C,1910
111,14
105,83
10F,38
10B,17
106,0
107,-4
114,255
20,14,-8,-148
24,1351
0,308547
10D,36
10C,1883
111,14
105,83
10F,38
10B,17
106,0
107,-4
114,255
20,20,-4,-135
24,1351
0,309091
10D,36
10C,1816
111,14
105,83
10F,38
10B,17
106,0
107,-4
114,255
20,17,-17,-138
24,1342
0,309641
10D,36
10C,1798
111,14
105,83
10F,38
10B,17
106,0
107,-4
114,255
20,6,0,-143
24,1344
0,310191
10D,33
10C,1747
111,14
105,83
10F,38
10B,17
106,0
107,-4
114,255
20,19,-9,-144
24,1343
0,310741
10D,32
10C,1634
111,14
105,83
10F,39
10B,17
106,0
107,-4
114,255
20,1,8,-140
24,1355
0,311291
10D,31
10C,1621
111,14
105,83
10F,39
10B,19
106,0
107,-4
114,4
20,-1,11,-128
24,1346
0,311841
10D,31
10C,1573
111,21
105,83
10F,39
10B,45
106,0
107,-4
114,156
20,7,0,-128
24,1355
0,312391
10D,31
10C,1633
111,21
105,84
10F,39
10B,53
106,0
107,-4
114,143
20,16,4,-142
24,1350
0,312941
10D,33
10C,1706
111,21
105,84
10F,39
10B,53
106,0
107,-4
114,121
20,11,0,-129
24,1356
0,313491
10D,33
10C,1747
111,21
105,84
10F,39
10B,52
106,0
107,-4
114,141
20,0,-11,-130
24,1347
0,314041
10D,35
10C,1778
111,20
105,84
10F,39
10B,44
106,-2
107,-4
114,115
20,12,2,-139
24,1350
0,314596
10D,35
10C,1795
111,15
105,84
10F,39
10B,25
106,-4
107,-4
114,146
20,19,1,-147
24,1333
0,315141
10D,34
10C,1795
111,14
105,84
10F,38
10B,17
106,-5
107,-4
114,10
20,17,-7,-116
24,1337
0,315691
10D,33
10C,1657
111,14
105,84
10F,39
10B,16
106,0
107,-4
114,4
20,2,-13,-129
24,1341
0,316241
10D,30
10C,1485
111,13
105,84
10F,39
10B,17
106,0
107,-4
114,0
20,25,-3,-151
24,1347
0,316791
10D,27
10C,1416
111,14
105,84
10F,39
10B,18
106,0
107,-4
114,11
20,3,14,-150
24,1346
0,317414
10D,27
10C,1436
111,22
105,84
10F,39
10B,57
106,0
107,-4
114,19
20,1,11,-136
24,1345
0,317962
10D,29
10C,1484
111,23
105,84
10F,39
10B,61
106,3
107,-4
114,13
20,-2,15,-163
24,1344
0,318512
10D,30
10C,1550
111,25
105,84
10F,39
10B,58
106,6
107,-4
114,173
20,-3,0,-141
24,1347
0,319062
10D,31
10C,1602
111,15
105,84
10F,39
10B,23
106,6
107,-4
114,173
20,8,-8,-127
24,1336
0,319612
10D,32
10C,1620
111,13
105,84
10F,38
10B,19
106,0
107,-4
114,6
20,14,-11,-128
24,1338
0,320162
10D,29
10C,1302
111,14
105,84
10F,38
10B,21
106,0
107,-4
114,11
20,37,-20,-129
24,1339
0,320712
10D,28
10C,1104
111,14
105,84
10F,39
10B,22
106,0
107,-4
114,141
20,6,-23,-144
24,1334
0,321262
10D,26
10C,981
111,13
105,84
10F,39
10B,23
106,0
107,-4
114,143
20,18,-1,-127
24,1325
0,321812
10D,24
10C,922
111,13
105,84
10F,39
10B,24
106,0
107,-4
114,146
20,10,-1,-141
24,1339
0,322362
10D,22
10C,830
111,13
105,84
10F,39
10B,24
106,0
107,-4
114,135
20,28,-23,-161
24,1341
0,322912
10D,21
10C,807
111,13
105,83
10F,39
10B,25
106,0
107,-4
114,61
20,6,-22,-138
24,1341
0,323467
10D,18
10C,1578
111,55
105,84
10F,39
10B,74
106,0
107,-4
114,6
20,10,15,-134
24,1344
0,324012
10D,20
10C,1658
111,76
105,84
10F,39
10B,74
106,7
107,-4
114,18
20,21,7,-164
24,1347
0,324562
10D,24
10C,1929
111,65
105,83
10F,39
10B,70
106,0
107,-4
114,172
20,29,0,-126
24,1347
0,325112
10D,25
10C,1747
111,14
105,83
10F,39
10B,19
106,0
107,-4
114,2
20,21,-5,-131
24,1333
0,325662
10D,25
10C,1406
111,13
105,83
10F,39
10B,17
106,0
107,-4
114,15
20,15,-8,-111
24,1332
0,326212
10D,23
10C,1250
111,14
105,83
10F,39
10B,20
106,0
107,-4
114,153
20,7,0,-125
24,1332
0,326762
10D,21
10C,1063
111,13
105,83
10F,39
10B,20
106,0
107,-4
114,155
20,8,0,-129
24,1331
0,327312
10D,20
10C,961
111,13
105,83
10F,39
10B,22
106,0
107,-4
114,150
20,16,-11,-141
24,1332
0,327862
10D,19
10C,858
111,13
105,83
10F,39
10B,23
106,0
107,-4
114,144
20,15,-5,-129
24,1330
0,328412
10D,17
10C,815
111,13
105,83
10F,39
10B,24
106,-1
107,-4
114,112
20,16,-6,-131
24,1323
0,328962
10D,15
10C,793
111,13
105,83
10F,39
10B,25
106,-1
107,-4
114,21
20,20,-4,-130
24,1333
0,329512
10D,13
10C,790
111,13
105,83
10F,39
10B,25
106,-1
107,-4
114,18
20,11,0,-132
24,1328
0,330061
10D,12
10C,786
111,13
105,83
10F,39
10B,25
106,0
107,-4
114,22
20,10,3,-139
24,1345
0,330612
10D,11
10C,717
111,26
105,83
10F,39
10B,74
106,0
107,-4
114,6
20,8,8,-138
24,1329
0,331162
10D,12
10C,1129
111,66
105,83
10F,39
10B,62
106,2
107,-4
114,163
20,16,8,-135
24,1335
0,331712
10D,12
10C,1170
111,14
105,83
10F,39
10B,26
106,2
107,-4
114,174
20,14,-17,-129
24,1323
0,332261
10D,11
10C,1013
111,13
105,83
10F,39
10B,24
106,2
107,-4
114,165
20,3,-16,-135
24,1328
0,332812
10D,9
10C,944
111,13
105,83
10F,39
10B,25
106,2
107,-4
114,158
20,6,3,-139
24,1339
0,333362
10D,7
10C,823
111,21
105,83
10F,39
10B,58
106,0
107,-4
114,9
20,15,5,-138
24,1341
0,333912
10D,7
10C,1260
111,18
105,83
10F,39
10B,46
106,0
107,-4
114,121
20,13,17,-152
24,1331
0,334462
10D,8
10C,1052
111,23
105,83
10F,39
10B,72
106,0
107,-4
114,7
20,6,13,-141
24,1331
0,335012
10D,9
10C,814
111,69
105,84
10F,39
10B,74
106,3
107,-4
114,12
20,8,11,-152
24,1320
0,335562
10D,11
10C,863
111,81
105,83
10F,39
10B,74
106,6
107,-4
114,147
20,9,6,-137
24,1339
0,336112
10D,11
10C,1370
111,17
105,83
10F,39
10B,34
106,6
107,-4
114,175
20,6,0,-134
24,1345
0,336662
10D,11
10C,1916
111,15
105,83
10F,39
10B,19
106,4
107,-4
114,165
20,10,0,-136
24,1334
0,337212
10D,10
10C,1863
111,14
105,84
10F,39
10B,17
106,2
107,-4
114,147
20,9,-2,-136
24,1334
0,337762
10D,10
10C,1522
111,13
105,83
10F,39
10B,16
106,0
107,-4
114,151
20,5,1,-133
24,1324
0,338318
10D,9
10C,1255
111,13
105,83
10F,39
10B,18
106,0
107,-4
114,148
20,1,-4,-132
24,1325
0,338862
10D,8
10C,1059
111,14
105,84
10F,39
10B,20
106,-1
107,-4
114,146
20,9,0,-135
24,1326
0,339412
10D,7
10C,973
111,13
105,83
10F,39
10B,22
106,-2
107,-4
114,128
20,9,0,-134
24,1337
0,339962
10D,6
10C,874
111,13
105,84
10F,39
10B,23
106,-3
107,-4
114,77
20,8,-2,-138
24,1323
0,340512
10D,6
10C,805
111,13
105,83
10F,39
10B,24
106,-3
107,-4
114,16
20,6,0,-137
24,1337
0,341063
10D,5
10C,801
111,19
105,84
10F,39
10B,40
106,-3
107,-4
114,11
20,1,3,-140
24,1339
0,341680
10D,5
10C,1034
111,19
105,83
10F,39
10B,44
106,-3
107,-4
114,34
20,4,5,-136
24,1346
0,342223
10D,6
10C,1139
111,13
105,84
10F,39
10B,24
106,-3
107,-4
114,163
20,5,1,-134
24,1344
0,342773
10D,7
10C,1119
111,14
105,84
10F,39
10B,22
106,-3
107,-4
114,153
20,5,-1,-135
24,1338
0,343323
10D,7
10C,1039
111,14
105,84
10F,39
10B,22
106,-3
107,-4
114,102
20,2,-7,-133
24,1331
0,343872
10D,6
10C,888
111,13
105,84
10F,39
10B,24
106,-3
107,-4
114,18
20,3,-3,-136
24,1346
0,344423
10D,5
10C,831
111,18
105,83
10F,39
10B,40
106,0
107,-4
114,11
20,1,0,-141
24,1334
0,344973
10D,6
10C,785
111,19
105,84
10F,39
10B,60
106,0
107,-4
114,7
20,0,-3,-135
24,1339
0,345523
10D,7
10C,1120
111,16
105,84
10F,39
10B,38
106,0
107,-4
114,161
20,1,-7,-134
24,1329
0,346073
10D,6
10C,1373
111,16
105,84
10F,39
10B,25
106,0
107,-4
114,158
20,5,-11,-130
24,1328
0,346623
10D,5
10C,1232
111,13
105,84
10F,39
10B,21
106,0
107,-4
114,150
20,7,-7,-132
24,1324
0,347173
10D,4
10C,1022
111,13
105,84
10F,39
10B,21
106,-1
107,-4
114,128
20,9,-7,-132
24,1322
0,347729
10D,3
10C,900
111,13
105,84
10F,39
10B,23
106,-2
107,-4
114,101
20,9,-6,-132
24,1321
0,348273
10D,2
10C,819
111,13
105,84
10F,39
10B,24
106,-2
107,-4
114,18
20,7,-4,-135
24,1316
0,348823
10D,1
10C,801
111,13
105,84
10F,39
10B,25
106,-2
107,-4
114,16
20,5,-1,-137
24,1331
0,349373
10D,0
10C,787
111,13
105,84
10F,39
10B,25
106,0
107,-4
114,16
20,11,-6,-130
24,1307
0,349923
10D,0
10C,921
111,55
105,84
10F,39
10B,74
106,0
107,-4
114,6
20,8,-3,-136
24,1308
0,350473
10D,0
10C,1678
111,28
105,84
10F,40
10B,54
106,3
107,-4
114,161
20,5,-5,-134
24,1310
0,351023
10D,1
10C,2396
111,22
105,84
10F,39
10B,25
106,3
107,-4
114,177
20,3,-4,-136
24,1315
0,351573
10D,1
10C,2206
111,24
105,84
10F,39
10B,42
106,0
107,-4
114,166
20,3,0,-136
24,1328
0,352123
10D,2
10C,1680
111,14
105,84
10F,39
10B,23
106,0
107,-4
114,143
20,6,-6,-134
24,1347
0,352673
10D,2
10C,1655
111,20
105,84
10F,39
10B,47
106,-1
107,-4
114,151
20,8,4,-136
24,1346
0,353223
10D,3
10C,1468
111,14
105,84
10F,39
10B,22
106,-1
107,-4
114,160
20,7,-2,-135
24,1344
0,353778
10D,2
10C,1253
111,14
105,84
10F,39
10B,24
106,0
107,-4
114,139
20,8,3,-138
24,1336
0,354323
10D,2
10C,1108
111,13
105,84
10F,39
10B,33
106,0
107,-4
114,157
20,5,-2,-135
24,1340
0,354873
10D,2
10C,1006
111,17
105,84
10F,39
10B,41
106,0
107,-4
114,17
20,8,2,-138
24,1326
0,355423
10D,2
10C,1039
111,16
105,84
10F,39
10B,36
106,-1
107,-4
114,145
20,7,3,-139
24,1313
0,355972
10D,1
10C,1026
111,15
105,83
10F,39
10B,33
106,-1
107,-4
114,148
20,5,0,-137
24,1318
0,356523
10D,1
10C,970
111,15
105,83
10F,39
10B,34
106,-1
107,-4
114,17
20,3,3,-140
24,1309
0,357073
10D,1
10C,944
111,15
105,83
10F,39
10B,34
106,-1
107,-4
114,20
20,6,-3,-134
24,1309
0,357623
10D,0
10C,920
111,17
105,84
10F,39
10B,48
106,-1
107,-4
114,12
20,5,-4,-133
24,1337
0,358172
10D,0
10C,1120
111,18
105,83
10F,39
10B,39
106,0
107,-4
114,164
20,5,-2,-136
24,1343
0,358723
10D,0
10C,1161
111,18
105,83
10F,39
10B,41
106,0
107,-4
114,33
20,4,-3,-134
24,1347
0,359272
10D,1
10C,1222
111,12
105,83
10F,39
10B,30
106,0
107,-4
114,163
20,1,1,-138
24,1344
0,359828
10D,1
10C,1212
111,17
105,83
10F,39
10B,33
106,0
107,-4
114,69
20,6,-1,-137
24,1343
0,360373
10D,0
10C,1608
111,19
105,83
10F,39
10B,44
106,-2
107,-4
114,156
20,4,-2,-135
24,1343
0,360924
10D,0
10C,1473
111,13
105,83
10F,39
10B,21
106,-3
107,-4
114,148
20,3,1,-139
24,1340
0,361473
10D,0
10C,1280
111,13
105,83
10F,39
10B,22
106,-3
107,-4
114,17
20,10,-6,-130
24,1330
0,362023
10D,0
10C,1268
111,20
105,84
10F,39
10B,48
106,-3
107,-4
114,11
20,4,-1,-139
24,1340
0,362573
10D,0
10C,1471
111,13
105,83
10F,39
10B,27
106,-3
107,-4
114,165
20,7,-2,-135
24,1334
0,363123
10D,0
10C,1247
111,20
105,83
10F,39
10B,45
106,-3
107,-4
114,16
20,2,0,-138
24,1323
0,363673
10D,0
10C,1294
111,13
105,84
10F,39
10B,21
106,-3
107,-4
114,159
20,4,0,-138
24,1326
0,364223
10D,0
10C,1127
111,15
105,83
10F,39
10B,28
106,-3
107,-4
114,99
20,7,-1,-134
24,1326
0,364772
10D,0
10C,1065
111,18
105,83
10F,39
10B,42
106,-3
107,-4
114,11
20,6,-2,-137
24,1336
0,365384
10D,0
10C,976
111,14
105,83
10F,39
10B,41
106,-3
107,-4
114,22
20,5,-1,-136
24,1339
0,365934
10D,0
10C,1388
111,20
105,83
10F,39
10B,48
106,-3
107,-4
114,10
20,4,0,-139
24,1341
0,366484
10D,0
10C,1737
111,13
105,83
10F,39
10B,22
106,-3
107,-4
114,167
20,3,0,-137
24,1342
0,367034
10D,0
10C,1573
111,14
105,83
10F,39
10B,17
106,-3
107,-4
114,135
20,7,-5,-138
24,1340
0,367584
10D,0
10C,1065
111,21
105,83
10F,39
10B,55
106,0
107,-4
114,11
20,4,0,-138
24,1340
0,368134
10D,1
10C,1582
111,13
105,83
10F,39
10B,20
106,0
107,-4
114,168
20,4,0,-138
24,1336
0,368684
10D,0
10C,1380
111,14
105,83
10F,39
10B,20
106,0
107,-4
114,147
20,4,-2,-136
24,1338
0,369239
10D,0
10C,1186
111,15
105,83
10F,39
10B,47
106,0
107,-4
114,44
20,5,0,-139
24,1338
0,369784
10D,0
10C,1050
111,14
105,83
10F,40
10B,42
106,0
107,-4
114,159
20,5,0,-139
24,1331
0,370334
10D,0
10C,1038
111,15
105,83
10F,39
10B,33
106,0
107,-4
114,146
20,4,-1,-138
24,1332
0,370884
10D,0
10C,1007
111,15
105,83
10F,39
10B,31
106,0
107,-4
114,63
20,5,-3,-134
24,1316
0,371434
10D,0
10C,946
111,14
105,83
10F,39
10B,27
106,-2
107,-4
114,145
20,5,-1,-137
24,1331
0,371984
10D,0
10C,850
111,13
105,83
10F,39
10B,26
106,-2
107,-4
114,115
20,5,-1,-135
24,1328
0,372534
10D,0
10C,800
111,13
105,83
10F,39
10B,25
106,-3
107,-4
114,30
20,4,-2,-134
24,1325
0,373084
10D,0
10C,729
111,12
105,83
10F,39
10B,25
0,373635
11,90523
10,1065410
A,-0.302377
B,-78.480476
C,2546.50
D,2.04
F,4
20,4,-1,-135
24,1304
0,373645
0,373709
11,90523
10,1065420
A,-0.302377
B,-78.480476
C,2546.60
D,1.93
F,4
