0,5359
10D,2
0,5420
11,120523
10,23382100
A,-0.376269
B,-78.489746
C,2589.70
D,2.44
F,9
10C,1158
0,5480
11,120523
10,23382110
A,-0.376269
B,-78.489746
C,2589.70
D,2.56
F,9
111,15
105,86
0,5608
11,120523
10,23382120
A,-0.376269
B,-78.489746
C,2589.70
D,2.35
F,9
10F,55
0,5668
11,120523
10,23382130
A,-0.376269
B,-78.489746
C,2589.70
D,2.17
F,9
10B,51
0,5728
11,120523
10,23382130
A,-0.376269
B,-78.489746
C,2589.70
D,2.17
F,9
106,0
0,5788
11,120523
10,23382140
A,-0.376269
B,-78.489746
C,2589.70
D,2.11
F,9
107,-4
114,163
0,5908
11,120523
10,23382150
A,-0.376269
B,-78.489746
C,2589.70
D,2.15
F,9
20,-7,-38,-105
24,1354
0,5917
10D,2
0,5980
11,120523
10,23382160
A,-0.376269
B,-78.489746
C,2589.70
D,2.43
F,9
10C,1375
111,13
0,6108
11,120523
10,23382170
A,-0.376268
B,-78.489746
C,2589.70
D,2.72
F,9
105,86
0,6168
11,120523
10,23382180
A,-0.376268
B,-78.489746
C,2589.70
D,2.82
F,9
10F,54
0,6228
11,120523
10,23382180
A,-0.376268
B,-78.489746
C,2589.70
D,2.82
F,9
10B,38
0,6288
11,120523
10,23382190
A,-0.376268
B,-78.489738
C,2589.80
D,3.32
F,9
106,0
107,-4
0,6408
11,120523
10,23382200
A,-0.376267
B,-78.489738
C,2589.80
D,2.93
F,9
114,181
0,6468
11,120523
10,23382210
A,-0.376267
B,-78.489738
C,2589.80
D,2.61
F,9
20,-2,-34,-98
24,1378
0,6482
10D,2
0,6539
11,120523
10,23382210
A,-0.376267
B,-78.489738
C,2589.80
D,2.61
F,9
10C,1063
0,6600
11,120523
10,23382220
A,-0.376268
B,-78.489738
C,2589.70
D,2.69
F,9
111,23
0,6660
11,120523
10,23382230
A,-0.376267
B,-78.489738
C,2589.70
D,2.56
F,9
105,86
0,6720
11,120523
10,23382230
A,-0.376267
B,-78.489738
C,2589.80
D,2.56
F,9
10F,54
0,6780
11,120523
10,23382240
A,-0.376268
B,-78.489738
C,2589.80
D,3.15
F,9
10B,56
106,0
0,6906
11,120523
10,23382250
A,-0.376268
B,-78.489738
C,2589.80
D,2.91
F,9
107,-4
0,6968
11,120523
10,23382260
A,-0.376268
B,-78.489738
C,2589.80
D,2.91
F,9
114,24
0,7028
11,120523
10,23382260
A,-0.376268
B,-78.489738
C,2589.80
D,2.91
F,9
20,-1,-29,-100
24,1368
0,7037
10D,2
0,7099
11,120523
10,23382270
A,-0.376269
B,-78.489738
C,2589.80
D,2.54
F,9
10C,1127
0,7160
11,120523
10,23382280
A,-0.376269
B,-78.489738
C,2589.80
D,2.50
F,9
111,14
0,7220
11,120523
10,23382280
A,-0.376269
B,-78.489738
C,2589.80
D,2.50
F,9
105,86
0,7288
11,120523
10,23382290
A,-0.376269
B,-78.489738
C,2589.80
D,2.57
F,9
10F,54
10B,39
0,7408
11,120523
10,23382300
A,-0.376269
B,-78.489731
C,2589.80
D,2.91
F,9
106,0
0,7468
11,120523
10,23382310
A,-0.376270
B,-78.489731
C,2589.80
D,2.63
F,9
107,-4
0,7528
11,120523
10,23382310
A,-0.376270
B,-78.489731
C,2589.80
D,2.63
F,9
114,107
0,7588
11,120523
10,23382320
A,-0.376269
B,-78.489731
C,2589.90
D,2.26
F,9
20,-4,-30,-102
24,1344
0,7597
10D,2
0,7660
11,120523
10,23382330
A,-0.376269
B,-78.489731
C,2589.90
D,2.43
F,9
10C,1040
0,7728
11,120523
10,23382330
A,-0.376269
B,-78.489731
C,2589.80
D,2.43
F,9
111,16
0,7788
11,120523
10,23382340
A,-0.376270
B,-78.489731
C,2589.70
D,2.74
F,9
105,86
10F,54
0,7908
11,120523
10,23382350
A,-0.376270
B,-78.489731
C,2589.80
D,3.22
F,9
10B,36
0,7968
11,120523
10,23382360
A,-0.376271
B,-78.489731
C,2589.80
D,2.89
F,9
106,0
0,8028
11,120523
10,23382360
A,-0.376271
B,-78.489731
C,2589.80
D,2.89
F,9
107,-4
0,8088
11,120523
10,23382370
A,-0.376270
B,-78.489731
C,2589.80
D,2.43
F,9
114,20
0,8160
11,120523
10,23382380
A,-0.376271
B,-78.489731
C,2589.80
D,1.85
F,9
20,-9,-28,-103
24,1328
0,8169
10D,2
0,8228
11,120523
10,23382380
A,-0.376271
B,-78.489731
C,2589.80
D,1.85
F,9
10C,1124
0,8288
11,120523
10,23382390
A,-0.376271
B,-78.489731
C,2589.80
D,2.13
F,9
111,20
105,86
0,8408
11,120523
10,23382400
A,-0.376271
B,-78.489731
C,2589.80
D,1.94
F,9
10F,54
0,8468
11,120523
10,23382410
A,-0.376271
B,-78.489731
C,2589.80
D,1.80
F,9
10B,53
0,8528
11,120523
10,23382410
A,-0.376271
B,-78.489731
C,2589.80
D,1.80
F,9
106,0
0,8600
11,120523
10,23382420
A,-0.376272
B,-78.489731
C,2589.70
D,1.96
F,9
107,-4
0,8660
11,120523
10,23382430
A,-0.376272
B,-78.489731
C,2589.70
D,1.83
F,9
114,18
0,8720
11,120523
10,23382430
A,-0.376272
B,-78.489731
C,2589.70
D,1.83
F,9
20,-12,-33,-105
24,1375
0,8729
10D,1
0,8788
11,120523
10,23382440
A,-0.376272
B,-78.489731
C,2589.80
D,2.19
F,9
10C,1643
111,17
0,8908
11,120523
10,23382450
A,-0.376272
B,-78.489731
C,2589.70
D,2.37
F,9
105,86
0,8968
11,120523
10,23382460
A,-0.376273
B,-78.489731
C,2589.70
D,2.69
F,9
10F,54
0,9040
11,120523
10,23382460
A,-0.376273
B,-78.489731
C,2589.70
D,2.69
F,9
10B,31
0,9100
11,120523
10,23382470
A,-0.376273
B,-78.489731
C,2589.70
D,2.61
F,9
106,2
0,9160
11,120523
10,23382480
A,-0.376273
B,-78.489731
C,2589.70
D,2.00
F,9
107,-4
0,9220
11,120523
10,23382480
A,-0.376273
B,-78.489731
C,2589.70
D,2.00
F,9
114,188
0,9279
11,120523
10,23382490
A,-0.376273
B,-78.489731
C,2589.60
D,1.87
F,9
20,-8,-29,-106
24,1372
0,9399
10D,1
0,9460
11,120523
10,23382510
A,-0.376273
B,-78.489731
C,2589.60
D,1.24
F,9
10C,1330
0,9520
11,120523
10,23382510
A,-0.376273
B,-78.489731
C,2589.60
D,1.24
F,9
111,23
0,9580
11,120523
10,23382520
A,-0.376273
B,-78.489731
C,2589.60
D,1.50
F,9
105,86
10F,54
0,9700
11,120523
10,23382530
A,-0.376274
B,-78.489731
C,2589.50
D,1.35
F,9
10B,53
0,9760
11,120523
10,23382540
A,-0.376274
B,-78.489731
C,2589.50
D,1.67
F,9
106,2
0,9820
11,120523
10,23382540
A,-0.376274
B,-78.489731
C,2589.60
D,1.67
F,9
107,-4
0,9886
11,120523
10,23382550
A,-0.376275
B,-78.489731
C,2589.60
D,2.22
F,9
114,17
20,-8,-31,-103
24,1380
0,9956
10D,2
0,10020
11,120523
10,23382560
A,-0.376275
B,-78.489731
C,2589.50
D,1.72
F,9
10C,1393
0,10079
11,120523
10,23382570
A,-0.376275
B,-78.489731
C,2589.50
D,1.70
F,9
111,14
105,87
0,10200
11,120523
10,23382580
A,-0.376276
B,-78.489731
C,2589.50
D,2.15
F,9
10F,54
0,10260
11,120523
10,23382590
A,-0.376276
B,-78.489731
C,2589.50
D,1.91
F,9
10B,29
0,10319
11,120523
10,23382590
A,-0.376276
B,-78.489731
C,2589.50
D,1.91
F,9
106,1
0,10388
11,120523
10,23382600
A,-0.376276
B,-78.489731
C,2589.60
D,2.15
F,9
107,-4
114,168
0,10508
11,120523
10,23382610
A,-0.376276
B,-78.489731
C,2589.60
D,2.06
F,9
20,-9,-24,-109
24,1351
0,10517
10D,2
0,10579
11,120523
10,23382620
A,-0.376276
B,-78.489731
C,2589.60
D,2.17
F,9
10C,1213
111,14
0,10700
11,120523
10,23382630
A,-0.376275
B,-78.489731
C,2589.60
D,1.57
F,9
105,86
0,10760
11,120523
10,23382640
A,-0.376275
B,-78.489731
C,2589.60
D,1.54
F,9
10F,54
0,10820
11,120523
10,23382640
A,-0.376275
B,-78.489731
C,2589.70
D,1.54
F,9
10B,25
0,10888
11,120523
10,23382650
A,-0.376276
B,-78.489731
C,2589.70
D,1.52
F,9
106,1
107,-4
0,11008
11,120523
10,23382660
A,-0.376276
B,-78.489731
C,2589.70
D,1.48
F,9
114,19
0,11068
11,120523
10,23382670
A,-0.376276
B,-78.489731
C,2589.70
D,1.09
F,9
20,-7,-19,-110
24,1329
0,11077
10D,1
0,11140
11,120523
10,23382670
A,-0.376276
B,-78.489731
C,2589.70
D,1.09
F,9
10C,1117
0,11199
11,120523
10,23382680
A,-0.376275
B,-78.489731
C,2589.60
D,0.63
F,9
111,14
0,11266
11,120523
10,23382690
A,-0.376276
B,-78.489731
C,2589.60
D,1.04
F,9
105,87
0,11328
11,120523
10,23382690
A,-0.376276
B,-78.489731
C,2589.60
D,1.04
F,9
10F,54
0,11388
11,120523
10,23382700
A,-0.376276
B,-78.489731
C,2589.60
D,1.06
F,9
10B,25
106,1
0,11508
11,120523
10,23382710
A,-0.376277
B,-78.489731
C,2589.70
D,0.72
F,9
107,-4
0,11568
11,120523
10,23382720
A,-0.376277
B,-78.489731
C,2589.70
D,0.91
F,9
114,14
0,11628
11,120523
10,23382720
A,-0.376277
B,-78.489731
C,2589.60
D,0.91
F,9
20,-8,-29,-106
24,1345
0,11642
10D,0
0,11700
11,120523
10,23382730
A,-0.376277
B,-78.489731
C,2589.60
D,0.61
F,9
10C,958
0,11760
11,120523
10,23382740
A,-0.376277
B,-78.489731
C,2589.60
D,0.31
F,9
111,14
0,11820
11,120523
10,23382740
A,-0.376277
B,-78.489731
C,2589.70
D,0.31
F,9
105,87
0,11880
11,120523
10,23382750
A,-0.376277
B,-78.489731
C,2589.70
D,0.33
F,9
10F,54
10B,26
0,12000
11,120523
10,23382760
A,-0.376276
B,-78.489731
C,2589.70
D,0.26
F,9
106,1
0,12060
11,120523
10,23382770
A,-0.376276
B,-78.489731
C,2589.70
D,0.31
F,9
107,-4
0,12128
11,120523
10,23382770
A,-0.376276
B,-78.489731
C,2589.70
D,0.31
F,9
114,24
0,12188
11,120523
10,23382780
A,-0.376276
B,-78.489731
C,2589.80
D,0.07
F,9
20,-9,-27,-106
24,1336
0,12197
10D,0
0,12260
11,120523
10,23382790
A,-0.376276
B,-78.489731
C,2589.80
D,0.00
F,9
10C,895
0,12320
11,120523
10,23382790
A,-0.376276
B,-78.489731
C,2589.80
D,0.00
F,9
111,28
0,12379
11,120523
10,23382800
A,-0.376275
B,-78.489731
C,2589.80
D,0.06
F,9
105,87
10F,54
0,12500
11,120523
10,23382810
A,-0.376275
B,-78.489731
C,2589.80
D,0.11
F,9
10B,74
0,12568
11,120523
10,23382820
A,-0.376274
B,-78.489731
C,2589.80
D,0.59
F,9
106,2
0,12628
11,120523
10,23382820
A,-0.376274
B,-78.489731
C,2589.80
D,0.59
F,9
107,-4
0,12688
11,120523
10,23382830
A,-0.376274
B,-78.489731
C,2589.90
D,0.54
F,9
114,9
20,-12,-23,-109
24,1312
0,12841
10D,0
0,12900
11,120523
10,23382850
A,-0.376274
B,-78.489731
C,2589.90
D,0.50
F,9
10C,1065
0,12960
11,120523
10,23382860
A,-0.376273
B,-78.489731
C,2589.90
D,0.98
F,9
111,15
0,13028
11,120523
10,23382860
A,-0.376273
B,-78.489731
C,2589.90
D,0.98
F,9
105,87
0,13088
11,120523
10,23382870
A,-0.376273
B,-78.489731
C,2589.80
D,0.91
F,9
10F,55
10B,52
0,13208
11,120523
10,23382880
A,-0.376272
B,-78.489731
C,2589.90
D,1.17
F,9
106,1
0,13268
11,120523
10,23382890
A,-0.376272
B,-78.489731
C,2589.90
D,1.52
F,9
107,-4
0,13328
11,120523
10,23382890
A,-0.376272
B,-78.489731
C,2589.80
D,1.52
F,9
114,146
0,13388
11,120523
10,23382900
A,-0.376272
B,-78.489723
C,2589.60
D,1.44
F,9
20,-16,-20,-113
24,1313
0,13403
10D,1
0,13460
11,120523
10,23382910
A,-0.376273
B,-78.489723
C,2589.60
D,1.65
F,9
10C,1303
0,13519
11,120523
10,23382910
A,-0.376273
B,-78.489723
C,2589.50
D,1.65
F,9
111,19
0,13579
11,120523
10,23382920
A,-0.376273
B,-78.489723
C,2589.80
D,2.35
F,9
105,87
10F,55
0,13700
11,120523
10,23382930
A,-0.376271
B,-78.489723
C,2589.80
D,2.89
F,9
10B,42
0,13760
11,120523
10,23382940
A,-0.376272
B,-78.489723
C,2589.80
D,2.15
F,9
106,0
0,13820
11,120523
10,23382940
A,-0.376272
B,-78.489723
C,2589.60
D,2.15
F,9
107,-4
0,13888
11,120523
10,23382950
A,-0.376270
B,-78.489716
C,2589.70
D,3.30
F,9
114,30
20,-9,-20,-117
24,1321
0,13956
10D,2
0,14019
11,120523
10,23382960
A,-0.376269
B,-78.489716
C,2589.70
D,3.11
F,9
10C,685
0,14080
11,120523
10,23382970
A,-0.376268
B,-78.489716
C,2589.80
D,3.67
F,9
111,47
105,87
0,14200
11,120523
10,23382980
A,-0.376266
B,-78.489716
C,2589.90
D,4.02
F,9
10F,55
0,14260
11,120523
10,23382990
A,-0.376264
B,-78.489716
C,2589.90
D,3.94
F,9
10B,74
0,14328
11,120523
10,23382990
A,-0.376264
B,-78.489716
C,2589.90
D,3.94
F,9
106,3
0,14388
11,120523
10,23383000
A,-0.376263
B,-78.489716
C,2590.00
D,4.39
F,9
107,-4
114,16
0,14508
11,120523
10,23383010
A,-0.376261
B,-78.489716
C,2590.20
D,5.07
F,9
20,-15,-22,-110
24,1335
0,14517
10D,4
0,14580
11,120523
10,23383020
A,-0.376260
B,-78.489716
C,2590.20
D,4.87
F,9
10C,745
111,80
0,14700
11,120523
10,23383030
A,-0.376259
B,-78.489716
C,2590.20
D,5.54
F,9
105,87
0,14761
11,120523
10,23383040
A,-0.376258
B,-78.489700
C,2590.20
D,5.56
F,9
10F,55
0,14828
11,120523
10,23383040
A,-0.376258
B,-78.489700
C,2590.30
D,5.56
F,9
10B,74
0,14888
11,120523
10,23383050
A,-0.376257
B,-78.489700
C,2590.40
D,5.61
F,9
106,6
107,-4
0,15008
11,120523
10,23383060
A,-0.376257
B,-78.489700
C,2590.40
D,5.85
F,9
114,24
0,15068
11,120523
10,23383070
A,-0.376256
B,-78.489700
C,2590.40
D,5.83
F,9
20,-14,-37,-111
24,1378
0,15077
10D,5
0,15140
11,120523
10,23383070
A,-0.376256
B,-78.489700
C,2590.60
D,5.83
F,9
10C,930
0,15200
11,120523
10,23383080
A,-0.376254
B,-78.489700
C,2590.60
D,5.76
F,9
111,14
0,15268
11,120523
10,23383090
A,-0.376254
B,-78.489693
C,2590.60
D,5.85
F,9
105,87
0,15328
11,120523
10,23383090
A,-0.376254
B,-78.489693
C,2590.50
D,5.85
F,9
10F,55
0,15388
11,120523
10,23383100
A,-0.376253
B,-78.489693
C,2590.50
D,5.35
F,9
10B,38
106,7
0,15508
11,120523
10,23383110
A,-0.376252
B,-78.489693
C,2590.60
D,5.35
F,9
107,-4
0,15568
11,120523
10,23383120
A,-0.376251
B,-78.489693
C,2590.60
D,5.00
F,9
114,183
0,15628
11,120523
10,23383120
A,-0.376251
B,-78.489693
C,2590.70
D,5.00
F,9
20,0,-31,-112
24,1325
0,15643
10D,4
0,15699
11,120523
10,23383130
A,-0.376251
B,-78.489693
C,2590.60
D,5.46
F,9
10C,987
0,15761
11,120523
10,23383140
A,-0.376249
B,-78.489693
C,2590.60
D,5.59
F,9
111,16
0,15820
11,120523
10,23383140
A,-0.376249
B,-78.489693
C,2590.50
D,5.59
F,9
105,87
0,15880
11,120523
10,23383150
A,-0.376248
B,-78.489693
C,2590.30
D,5.32
F,9
10F,54
10B,44
0,16000
11,120523
10,23383160
A,-0.376248
B,-78.489693
C,2590.70
D,4.98
F,9
106,6
0,16068
11,120523
10,23383170
A,-0.376248
B,-78.489693
C,2590.70
D,5.15
F,9
107,-4
0,16128
11,120523
10,23383170
A,-0.376248
B,-78.489693
C,2590.50
D,5.15
F,9
114,173
0,16188
11,120523
10,23383180
A,-0.376247
B,-78.489693
C,2590.50
D,4.87
F,9
20,3,-14,-107
24,1333
0,16282
10D,4
0,16339
11,120523
10,23383190
A,-0.376246
B,-78.489693
C,2590.30
D,5.06
F,9
10C,816
0,16399
11,120523
10,23383200
A,-0.376246
B,-78.489693
C,2590.00
D,5.52
F,9
111,23
0,16461
11,120523
10,23383210
A,-0.376247
B,-78.489685
C,2590.00
D,5.24
F,9
105,87
0,16528
11,120523
10,23383210
A,-0.376247
B,-78.489685
C,2589.60
D,5.24
F,9
10F,55
0,16588
11,120523
10,23383220
A,-0.376247
B,-78.489685
C,2589.40
D,5.65
F,9
10B,63
106,3
0,16708
11,120523
10,23383230
A,-0.376246
B,-78.489685
C,2589.10
D,5.13
F,9
107,-4
0,16768
11,120523
10,23383240
A,-0.376245
B,-78.489685
C,2589.10
D,5.15
F,9
114,44
0,16828
11,120523
10,23383240
A,-0.376245
B,-78.489685
C,2588.80
D,5.15
F,9
20,-10,-27,-110
24,1323
0,16837
10D,4
0,16899
11,120523
10,23383250
A,-0.376244
B,-78.489685
C,2588.70
D,4.82
F,9
10C,1124
0,16968
11,120523
10,23383260
A,-0.376244
B,-78.489685
C,2588.70
D,4.59
F,9
111,14
0,17028
11,120523
10,23383260
A,-0.376244
B,-78.489685
C,2588.60
D,4.59
F,9
105,87
0,17088
11,120523
10,23383270
A,-0.376242
B,-78.489685
C,2588.50
D,4.28
F,9
10F,55
10B,42
0,17208
11,120523
10,23383280
A,-0.376242
B,-78.489685
C,2588.50
D,5.09
F,9
106,3
0,17268
11,120523
10,23383290
A,-0.376241
B,-78.489685
C,2588.50
D,4.85
F,9
107,-4
0,17328
11,120523
10,23383290
A,-0.376241
B,-78.489685
C,2588.80
D,4.85
F,9
114,147
0,17399
11,120523
10,23383300
A,-0.376239
B,-78.489685
C,2589.00
D,4.80
F,9
20,-11,-16,-115
24,1363
0,17408
10D,5
0,17468
11,120523
10,23383310
A,-0.376238
B,-78.489685
C,2589.00
D,5.17
F,9
10C,786
0,17528
11,120523
10,23383310
A,-0.376238
B,-78.489685
C,2589.00
D,5.17
F,9
111,25
0,17588
11,120523
10,23383320
A,-0.376236
B,-78.489685
C,2589.00
D,5.28
F,9
105,87
10F,54
0,17708
11,120523
10,23383330
A,-0.376235
B,-78.489677
C,2589.00
D,5.93
F,9
10B,73
0,17768
11,120523
10,23383340
A,-0.376234
B,-78.489677
C,2589.00
D,5.74
F,9
106,3
0,17828
11,120523
10,23383340
A,-0.376234
B,-78.489677
C,2589.00
D,5.74
F,9
107,-4
0,17888
11,120523
10,23383350
A,-0.376233
B,-78.489677
C,2589.00
D,5.48
F,9
114,9
20,-11,-17,-115
24,1378
0,17957
10D,5
0,18019
11,120523
10,23383360
A,-0.376232
B,-78.489677
C,2588.80
D,6.06
F,9
10C,891
0,18079
11,120523
10,23383370
A,-0.376230
B,-78.489677
C,2588.80
D,6.06
F,9
111,20
105,87
0,18199
11,120523
10,23383380
A,-0.376229
B,-78.489677
C,2588.70
D,6.78
F,9
10F,55
0,18261
11,120523
10,23383390
A,-0.376228
B,-78.489677
C,2588.70
D,6.76
F,9
10B,54
0,18328
11,120523
10,23383390
A,-0.376228
B,-78.489677
C,2588.60
D,6.76
F,9
106,3
0,18388
11,120523
10,23383400
A,-0.376226
B,-78.489677
C,2588.80
D,6.24
F,9
107,-4
114,176
0,18508
11,120523
10,23383410
A,-0.376225
B,-78.489677
C,2588.80
D,6.28
F,9
20,-2,-19,-103
24,1337
0,18516
10D,6
0,18579
11,120523
10,23383420
A,-0.376224
B,-78.489677
C,2588.80
D,6.15
F,9
10C,881
111,13
0,18699
11,120523
10,23383430
A,-0.376223
B,-78.489677
C,2588.70
D,6.67
F,9
105,87
0,18769
11,120523
10,23383440
A,-0.376221
B,-78.489670
C,2588.70
D,6.39
F,9
10F,54
0,18829
11,120523
10,23383440
A,-0.376221
B,-78.489670
C,2588.60
D,6.39
F,9
10B,36
0,18889
11,120523
10,23383450
A,-0.376220
B,-78.489670
C,2588.50
D,6.44
F,9
106,3
107,-4
0,19009
11,120523
10,23383460
A,-0.376219
B,-78.489670
C,2588.50
D,6.65
F,9
114,174
0,19068
11,120523
10,23383470
A,-0.376218
B,-78.489670
C,2588.50
D,6.06
F,9
20,-5,-22,-103
24,1329
0,19076
10D,6
0,19140
11,120523
10,23383470
A,-0.376218
B,-78.489670
C,2588.40
D,6.06
F,9
10C,844
0,19208
11,120523
10,23383480
A,-0.376216
B,-78.489670
C,2588.40
D,6.19
F,9
111,16
0,19269
11,120523
10,23383490
A,-0.376215
B,-78.489670
C,2588.40
D,5.89
F,9
105,87
0,19329
11,120523
10,23383490
A,-0.376215
B,-78.489670
C,2588.40
D,5.89
F,9
10F,54
0,19389
11,120523
10,23383500
A,-0.376214
B,-78.489670
C,2588.40
D,5.63
F,9
10B,41
106,3
0,19509
11,120523
10,23383510
A,-0.376212
B,-78.489670
C,2588.30
D,6.28
F,9
107,-4
0,19569
11,120523
10,23383520
A,-0.376210
B,-78.489670
C,2588.30
D,6.83
F,9
114,13
0,19640
11,120523
10,23383520
A,-0.376210
B,-78.489670
C,2588.20
D,6.83
F,9
20,-3,-18,-113
24,1376
0,19734
10D,6
0,19789
11,120523
10,23383540
A,-0.376208
B,-78.489662
C,2587.90
D,5.89
F,9
10C,854
111,16
0,19909
11,120523
10,23383550
A,-0.376207
B,-78.489662
C,2587.80
D,6.04
F,9
105,87
0,19969
11,120523
10,23383560
A,-0.376206
B,-78.489662
C,2587.80
D,6.74
F,9
10F,54
0,20029
11,120523
10,23383560
A,-0.376206
B,-78.489662
C,2587.70
D,6.74
F,9
10B,42
0,20089
11,120523
10,23383570
A,-0.376205
B,-78.489662
C,2587.70
D,6.65
F,9
106,3
0,20161
11,120523
10,23383580
A,-0.376203
B,-78.489662
C,2587.70
D,6.76
F,9
107,-4
0,20219
11,120523
10,23383580
A,-0.376203
B,-78.489662
C,2587.70
D,6.76
F,9
114,12
0,20279
11,120523
10,23383590
A,-0.376201
B,-78.489662
C,2587.60
D,6.46
F,9
20,-10,-19,-106
24,1370
0,20288
10D,6
10C,896
0,20409
11,120523
10,23383600
A,-0.376199
B,-78.489662
C,2587.60
D,6.65
F,9
111,16
0,20469
11,120523
10,23383610
A,-0.376196
B,-78.489662
C,2587.60
D,6.74
F,9
105,87
0,20529
11,120523
10,23383610
A,-0.376196
B,-78.489662
C,2587.60
D,6.74
F,9
10F,54
0,20599
11,120523
10,23383620
A,-0.376195
B,-78.489662
C,2587.60
D,6.70
F,9
10B,41
0,20661
11,120523
10,23383630
A,-0.376194
B,-78.489655
C,2587.60
D,6.76
F,9
106,3
0,20720
11,120523
10,23383630
A,-0.376194
B,-78.489655
C,2587.70
D,6.76
F,9
107,-4
0,20779
11,120523
10,23383640
A,-0.376193
B,-78.489655
C,2587.80
D,6.57
F,9
114,20
20,0,-16,-106
24,1383
0,20847
10D,6
0,20909
11,120523
10,23383650
A,-0.376191
B,-78.489655
C,2587.80
D,6.80
F,9
10C,897
0,20979
11,120523
10,23383660
A,-0.376190
B,-78.489655
C,2587.80
D,6.89
F,9
111,16
105,87
0,21099
11,120523
10,23383670
A,-0.376189
B,-78.489655
C,2587.80
D,7.37
F,9
10F,54
0,21161
11,120523
10,23383680
A,-0.376188
B,-78.489655
C,2587.80
D,7.00
F,9
10B,40
0,21219
11,120523
10,23383680
A,-0.376188
B,-78.489655
C,2587.80
D,7.00
F,9
106,3
0,21279
11,120523
10,23383690
A,-0.376186
B,-78.489647
C,2587.80
D,7.04
F,9
107,-4
114,152
0,21399
11,120523
10,23383700
A,-0.376185
B,-78.489647
C,2587.80
D,7.41
F,9
20,-2,-17,-112
24,1348
0,21414
10D,7
0,21469
11,120523
10,23383710
A,-0.376184
B,-78.489647
C,2587.80
D,7.26
F,9
10C,1023
0,21529
11,120523
10,23383710
A,-0.376184
B,-78.489647
C,2587.70
D,7.26
F,9
111,16
0,21589
11,120523
10,23383720
A,-0.376182
B,-78.489647
C,2587.70
D,7.00
F,9
105,87
10F,54
0,21709
11,120523
10,23383730
A,-0.376180
B,-78.489647
C,2587.70
D,7.76
F,9
10B,41
0,21769
11,120523
10,23383740
A,-0.376179
B,-78.489647
C,2587.70
D,7.82
F,9
106,3
0,21829
11,120523
10,23383740
A,-0.376179
B,-78.489647
C,2587.70
D,7.82
F,9
107,-4
0,21899
11,120523
10,23383750
A,-0.376178
B,-78.489647
C,2587.70
D,7.11
F,9
114,125
0,21961
11,120523
10,23383760
A,-0.376177
B,-78.489639
C,2587.70
D,6.87
F,9
20,-2,-24,-116
24,1319
0,21970
10D,7
0,22029
11,120523
10,23383760
A,-0.376177
B,-78.489639
C,2587.80
D,6.87
F,9
10C,967
0,22089
11,120523
10,23383770
A,-0.376176
B,-78.489639
C,2587.80
D,6.76
F,9
111,15
105,87
0,22209
11,120523
10,23383780
A,-0.376175
B,-78.489639
C,2587.90
D,8.02
F,9
10F,54
0,22269
11,120523
10,23383790
A,-0.376173
B,-78.489639
C,2587.90
D,6.95
F,9
10B,35
0,22339
11,120523
10,23383790
A,-0.376173
B,-78.489639
C,2587.80
D,6.95
F,9
106,3
0,22400
11,120523
10,23383800
A,-0.376173
B,-78.489639
C,2587.80
D,6.69
F,9
107,-4
0,22461
11,120523
10,23383810
A,-0.376172
B,-78.489632
C,2587.80
D,7.06
F,9
114,151
0,22519
11,120523
10,23383810
A,-0.376172
B,-78.489632
C,2587.80
D,7.06
F,9
20,-4,-27,-110
24,1378
0,22528
10D,6
0,22589
11,120523
10,23383820
A,-0.376170
B,-78.489632
C,2587.80
D,7.22
F,9
10C,1139
111,14
0,22709
11,120523
10,23383830
A,-0.376170
B,-78.489632
C,2587.80
D,6.61
F,9
105,87
0,22769
11,120523
10,23383840
A,-0.376169
B,-78.489632
C,2587.80
D,6.54
F,9
10F,54
0,22829
11,120523
10,23383840
A,-0.376169
B,-78.489632
C,2587.70
D,6.54
F,9
10B,30
0,22889
11,120523
10,23383850
A,-0.376167
B,-78.489632
C,2587.70
D,6.28
F,9
106,3
107,-4
0,23009
11,120523
10,23383860
A,-0.376166
B,-78.489632
C,2587.60
D,6.35
F,9
114,159
0,23069
11,120523
10,23383870
A,-0.376165
B,-78.489632
C,2587.60
D,6.24
F,9
20,-1,-18,-109
24,1370
0,23168
10D,6
0,23229
11,120523
10,23383880
A,-0.376163
B,-78.489624
C,2587.50
D,6.82
F,9
10C,903
0,23289
11,120523
10,23383890
A,-0.376162
B,-78.489624
C,2587.40
D,6.69
F,9
111,17
105,87
0,23409
11,120523
10,23383900
A,-0.376160
B,-78.489624
C,2587.40
D,6.70
F,9
10F,54
0,23469
11,120523
10,23383910
A,-0.376159
B,-78.489624
C,2587.40
D,6.65
F,9
10B,39
0,23529
11,120523
10,23383910
A,-0.376159
B,-78.489624
C,2587.30
D,6.65
F,9
106,1
0,23589
11,120523
10,23383920
A,-0.376158
B,-78.489624
C,2587.30
D,6.09
F,9
107,-4
0,23661
11,120523
10,23383930
A,-0.376157
B,-78.489624
C,2587.30
D,5.50
F,9
114,157
0,23719
11,120523
10,23383930
A,-0.376157
B,-78.489624
C,2587.30
D,5.50
F,9
20,6,-22,-103
24,1369
0,23728
10D,5
0,23789
11,120523
10,23383940
A,-0.376156
B,-78.489624
C,2587.20
D,5.52
F,9
10C,1225
111,14
0,23909
11,120523
10,23383950
A,-0.376155
B,-78.489624
C,2587.20
D,5.24
F,9
105,87
0,23969
11,120523
10,23383960
A,-0.376154
B,-78.489624
C,2587.20
D,4.98
F,9
10F,54
0,24029
11,120523
10,23383960
A,-0.376154
B,-78.489624
C,2587.20
D,4.98
F,9
10B,25
0,24100
11,120523
10,23383970
A,-0.376153
B,-78.489616
C,2587.20
D,4.89
F,9
106,1
0,24161
11,120523
10,23383980
A,-0.376152
B,-78.489616
C,2587.20
D,4.35
F,9
107,-4
0,24220
11,120523
10,23383980
A,-0.376152
B,-78.489616
C,2587.10
D,4.35
F,9
114,146
0,24280
11,120523
10,23383990
A,-0.376152
B,-78.489616
C,2587.10
D,4.04
F,9
20,1,-27,-95
24,1342
0,24289
10D,3
10C,1112
0,24409
11,120523
10,23384000
A,-0.376151
B,-78.489616
C,2587.10
D,3.56
F,9
111,14
0,24469
11,120523
10,23384010
A,-0.376151
B,-78.489616
C,2587.10
D,3.19
F,9
105,87
0,24540
11,120523
10,23384010
A,-0.376151
B,-78.489616
C,2587.00
D,3.19
F,9
10F,54
0,24600
11,120523
10,23384020
A,-0.376150
B,-78.489616
C,2587.00
D,2.80
F,9
10B,24
0,24661
11,120523
10,23384030
A,-0.376150
B,-78.489616
C,2587.00
D,2.85
F,9
106,0
0,24720
11,120523
10,23384030
A,-0.376150
B,-78.489616
C,2587.00
D,2.85
F,9
107,-4
0,24780
11,120523
10,23384040
A,-0.376149
B,-78.489616
C,2587.10
D,2.15
F,9
114,12
20,-1,-28,-104
24,1319
0,24848
10D,1
0,24909
11,120523
10,23384050
A,-0.376149
B,-78.489616
C,2587.10
D,2.02
F,9
10C,992
0,24980
11,120523
10,23384060
A,-0.376149
B,-78.489616
C,2587.10
D,1.65
F,9
111,14
105,87
0,25100
11,120523
10,23384070
A,-0.376148
B,-78.489616
C,2587.00
D,1.57
F,9
10F,54
0,25161
11,120523
10,23384080
A,-0.376149
B,-78.489616
C,2587.00
D,0.83
F,9
10B,24
0,25220
11,120523
10,23384080
A,-0.376149
B,-78.489616
C,2587.00
D,0.83
F,9
106,0
0,25281
11,120523
10,23384090
A,-0.376149
B,-78.489616
C,2587.00
D,0.57
F,9
107,-4
114,14
0,25400
11,120523
10,23384100
A,-0.376149
B,-78.489616
C,2587.10
D,0.20
F,9
20,-2,-20,-111
24,1370
0,25415
10D,0
0,25480
11,120523
10,23384110
A,-0.376149
B,-78.489616
C,2587.10
D,0.09
F,9
10C,908
111,14
0,25600
11,120523
10,23384120
A,-0.376149
B,-78.489616
C,2587.10
D,0.24
F,9
105,87
0,25661
11,120523
10,23384130
A,-0.376149
B,-78.489616
C,2587.10
D,0.04
F,9
10F,54
0,25721
11,120523
10,23384130
A,-0.376149
B,-78.489616
C,2587.10
D,0.04
F,9
10B,25
0,25780
11,120523
10,23384140
A,-0.376149
B,-78.489616
C,2587.10
D,0.19
F,9
106,0
107,-4
0,25909
11,120523
10,23384150
A,-0.376149
B,-78.489616
C,2587.10
D,0.13
F,9
114,18
0,25969
11,120523
10,23384160
A,-0.376148
B,-78.489616
C,2587.10
D,0.04
F,9
20,-2,-22,-107
24,1365
0,25978
10D,0
0,26041
11,120523
10,23384160
A,-0.376148
B,-78.489616
C,2587.10
D,0.04
F,9
10C,820
0,26100
11,120523
10,23384170
A,-0.376148
B,-78.489616
C,2587.10
D,0.11
F,9
111,13
0,26161
11,120523
10,23384180
A,-0.376148
B,-78.489616
C,2587.10
D,0.06
F,9
105,87
0,26220
11,120523
10,23384180
A,-0.376148
B,-78.489616
C,2587.10
D,0.06
F,9
10F,54
0,26289
11,120523
10,23384190
A,-0.376148
B,-78.489616
C,2587.20
D,0.17
F,9
10B,25
106,0
0,26409
11,120523
10,23384200
A,-0.376148
B,-78.489616
C,2587.20
D,0.13
F,9
107,-4
0,26469
11,120523
10,23384210
A,-0.376148
B,-78.489616
C,2587.20
D,0.06
F,9
114,19
0,26529
11,120523
10,23384210
A,-0.376148
B,-78.489616
C,2587.20
D,0.06
F,9
20,-3,-21,-107
24,1332
0,26538
10D,0
0,26601
11,120523
10,23384220
A,-0.376148
B,-78.489616
C,2587.20
D,0.13
F,9
10C,789
0,26661
11,120523
10,23384230
A,-0.376148
B,-78.489616
C,2587.20
D,0.22
F,9
111,13
0,26729
11,120523
10,23384230
A,-0.376148
B,-78.489616
C,2587.20
D,0.22
F,9
105,87
0,26789
11,120523
10,23384240
A,-0.376148
B,-78.489616
C,2587.20
D,0.37
F,9
10F,54
10B,25
0,26909
11,120523
10,23384250
A,-0.376148
B,-78.489616
C,2587.10
D,0.39
F,9
106,1
0,26969
11,120523
10,23384260
A,-0.376148
B,-78.489616
C,2587.10
D,0.26
F,9
107,-4
0,27029
11,120523
10,23384260
A,-0.376148
B,-78.489616
C,2587.10
D,0.26
F,9
114,71
0,27089
11,120523
10,23384270
A,-0.376147
B,-78.489616
C,2587.10
D,0.35
F,9
20,-3,-21,-108
24,1326
0,27189
10D,0
0,27249
11,120523
10,23384280
A,-0.376147
B,-78.489624
C,2587.00
D,0.24
F,9
10C,778
0,27309
11,120523
10,23384290
A,-0.376147
B,-78.489624
C,2587.10
D,0.39
F,9
111,13
0,27369
11,120523
10,23384300
A,-0.376147
B,-78.489624
C,2587.10
D,0.07
F,9
105,87
0,27429
11,120523
10,23384300
A,-0.376147
B,-78.489624
C,2587.10
D,0.07
F,9
10F,54
0,27489
11,120523
10,23384310
A,-0.376146
B,-78.489624
C,2587.10
D,0.15
F,9
10B,26
0,27561
11,120523
10,23384320
A,-0.376146
B,-78.489624
C,2587.10
D,0.11
F,9
106,1
0,27620
11,120523
10,23384320
A,-0.376146
B,-78.489624
C,2587.00
D,0.11
F,9
107,-4
0,27680
11,120523
10,23384330
A,-0.376146
B,-78.489624
C,2587.00
D,0.02
F,9
114,137
20,-3,-21,-107
24,1323
0,27749
10D,0
0,27809
11,120523
10,23384340
A,-0.376146
B,-78.489624
C,2587.00
D,0.17
F,9
10C,807
0,27869
11,120523
10,23384350
A,-0.376146
B,-78.489624
C,2587.00
D,0.09
F,9
111,13
0,27929
11,120523
10,23384350
A,-0.376146
B,-78.489624
C,2587.00
D,0.09
F,9
105,87
0,28001
11,120523
10,23384360
A,-0.376146
B,-78.489624
C,2587.00
D,0.04
F,9
10F,54
0,28061
11,120523
10,23384370
A,-0.376146
B,-78.489624
C,2587.00
D,0.31
F,9
10B,26
0,28120
11,120523
10,23384370
A,-0.376146
B,-78.489624
C,2587.00
D,0.31
F,9
106,1
0,28180
11,120523
10,23384380
A,-0.376146
B,-78.489624
C,2587.00
D,0.13
F,9
107,-4
114,90
0,28300
11,120523
10,23384390
A,-0.376146
B,-78.489624
C,2587.00
D,0.22
F,9
20,-4,-20,-107
24,1367
0,28309
10D,0
0,28369
11,120523
10,23384400
A,-0.376145
B,-78.489624
C,2587.00
D,0.26
F,9
10C,812
0,28429
11,120523
10,23384400
A,-0.376145
B,-78.489624
C,2587.00
D,0.26
F,9
111,13
0,28489
11,120523
10,23384410
A,-0.376145
B,-78.489624
C,2587.00
D,0.09
F,9
105,87
10F,54
0,28609
11,120523
10,23384420
A,-0.376145
B,-78.489624
C,2587.10
D,0.28
F,9
10B,26
0,28669
11,120523
10,23384430
A,-0.376145
B,-78.489624
C,2587.10
D,0.19
F,9
106,2
0,28729
11,120523
10,23384430
A,-0.376145
B,-78.489624
C,2587.10
D,0.19
F,9
107,-4
0,28795
11,120523
10,23384440
A,-0.376145
B,-78.489624
C,2587.10
D,0.19
F,9
114,34
0,28861
11,120523
10,23384450
A,-0.376145
B,-78.489624
C,2587.10
D,0.07
F,9
20,0,-20,-107
24,1369
0,28870
10D,0
0,28929
11,120523
10,23384450
A,-0.376145
B,-78.489624
C,2587.10
D,0.07
F,9
10C,811
0,28989
11,120523
10,23384460
A,-0.376145
B,-78.489624
C,2587.10
D,0.11
F,9
111,13
105,87
0,29109
11,120523
10,23384470
A,-0.376145
B,-78.489624
C,2587.10
D,0.13
F,9
10F,54
0,29169
11,120523
10,23384480
A,-0.376145
B,-78.489624
C,2587.10
D,0.46
F,9
10B,25
0,29240
11,120523
10,23384480
A,-0.376145
B,-78.489624
C,2587.10
D,0.46
F,9
106,2
0,29300
11,120523
10,23384490
A,-0.376144
B,-78.489624
C,2587.10
D,0.15
F,9
107,-4
0,29361
11,120523
10,23384500
A,-0.376145
B,-78.489624
C,2587.10
D,0.15
F,9
114,137
0,29420
11,120523
10,23384500
A,-0.376145
B,-78.489624
C,2587.20
D,0.15
F,9
20,-2,-21,-108
24,1332
0,29429
10D,0
0,29489
11,120523
10,23384510
A,-0.376144
B,-78.489624
C,2587.20
D,0.11
F,9
10C,822
111,13
0,29609
11,120523
10,23384520
A,-0.376144
B,-78.489624
C,2587.20
D,0.20
F,9
105,87
0,29680
11,120523
10,23384530
A,-0.376144
B,-78.489624
C,2587.20
D,0.19
F,9
10F,54
10B,25
0,29800
11,120523
10,23384540
A,-0.376144
B,-78.489624
C,2587.20
D,0.02
F,9
106,2
0,29861
11,120523
10,23384550
A,-0.376144
B,-78.489624
C,2587.20
D,0.13
F,9
107,-4
0,29920
11,120523
10,23384550
A,-0.376144
B,-78.489624
C,2587.30
D,0.13
F,9
114,147
0,29980
11,120523
10,23384560
A,-0.376144
B,-78.489624
C,2587.30
D,0.06
F,9
20,-9,-20,-102
24,1326
0,29989
10D,0
10C,828
0,30109
11,120523
10,23384570
A,-0.376144
B,-78.489624
C,2587.30
D,0.30
F,9
111,13
0,30180
11,120523
10,23384580
A,-0.376144
B,-78.489624
C,2587.40
D,0.09
F,9
105,87
10F,54
0,30300
11,120523
10,23384590
A,-0.376144
B,-78.489624
C,2587.40
D,0.28
F,9
10B,25
0,30361
11,120523
10,23384600
A,-0.376144
B,-78.489624
C,2587.40
D,0.02
F,9
106,2
0,30420
11,120523
10,23384600
A,-0.376144
B,-78.489624
C,2587.40
D,0.02
F,9
107,-4
0,30480
11,120523
10,23384610
A,-0.376144
B,-78.489624
C,2587.40
D,0.22
F,9
114,120
20,-2,-21,-107
24,1323
0,30638
10D,0
0,30700
11,120523
10,23384630
A,-0.376144
B,-78.489624
C,2587.50
D,0.20
F,9
10C,829
0,30761
11,120523
10,23384640
A,-0.376144
B,-78.489624
C,2587.50
D,0.24
F,9
111,13
0,30820
11,120523
10,23384640
A,-0.376144
B,-78.489624
C,2587.50
D,0.24
F,9
105,88
0,30881
11,120523
10,23384650
A,-0.376144
B,-78.489624
C,2587.50
D,0.06
F,9
10F,54
10B,25
0,31000
11,120523
10,23384660
A,-0.376144
B,-78.489624
C,2587.50
D,0.04
F,9
106,1
0,31061
11,120523
10,23384670
A,-0.376144
B,-78.489624
C,2587.50
D,0.09
F,9
107,-4
0,31129
11,120523
10,23384670
A,-0.376144
B,-78.489624
C,2587.50
D,0.09
F,9
114,45
0,31189
11,120523
10,23384680
A,-0.376144
B,-78.489624
C,2587.50
D,0.13
F,9
20,-3,-21,-107
24,1375
0,31198
10D,0
0,31261
11,120523
10,23384690
A,-0.376144
B,-78.489624
C,2587.50
D,0.09
F,9
10C,828
0,31320
11,120523
10,23384690
A,-0.376144
B,-78.489624
C,2587.50
D,0.09
F,9
111,13
0,31380
11,120523
10,23384700
A,-0.376144
B,-78.489624
C,2587.50
D,0.13
F,9
105,87
10F,54
0,31501
11,120523
10,23384710
A,-0.376144
B,-78.489624
C,2587.50
D,0.11
F,9
10B,25
0,31569
11,120523
10,23384720
A,-0.376144
B,-78.489624
C,2587.50
D,0.09
F,9
106,1
0,31629
11,120523
10,23384720
A,-0.376144
B,-78.489624
C,2587.50
D,0.09
F,9
107,-4
0,31689
11,120523
10,23384730
A,-0.376144
B,-78.489624
C,2587.50
D,0.06
F,9
114,18
20,-2,-22,-108
24,1369
0,31757
10D,0
0,31820
11,120523
10,23384740
A,-0.376144
B,-78.489624
C,2587.50
D,0.39
F,9
10C,827
0,31880
11,120523
10,23384750
A,-0.376144
B,-78.489624
C,2587.50
D,0.07
F,9
111,13
105,88
0,32001
11,120523
10,23384760
A,-0.376144
B,-78.489624
C,2587.50
D,0.02
F,9
10F,54
0,32069
11,120523
10,23384770
A,-0.376143
B,-78.489624
C,2587.50
D,0.09
F,9
10B,25
0,32129
11,120523
10,23384770
A,-0.376143
B,-78.489624
C,2587.50
D,0.09
F,9
106,1
0,32189
11,120523
10,23384780
A,-0.376143
B,-78.489624
C,2587.50
D,0.17
F,9
107,-4
114,35
0,32309
11,120523
10,23384790
A,-0.376143
B,-78.489624
C,2587.50
D,0.06
F,9
20,-3,-21,-107
24,1339
0,32318
10D,0
0,32380
11,120523
10,23384800
A,-0.376143
B,-78.489624
C,2587.50
D,0.07
F,9
10C,824
111,13
0,32509
11,120523
10,23384810
A,-0.376143
B,-78.489624
C,2587.50
D,0.04
F,9
105,88
0,32569
11,120523
10,23384820
A,-0.376144
B,-78.489624
C,2587.50
D,0.09
F,9
10F,54
0,32629
11,120523
10,23384820
A,-0.376144
B,-78.489624
C,2587.60
D,0.09
F,9
10B,25
0,32689
11,120523
10,23384830
A,-0.376144
B,-78.489624
C,2587.60
D,0.00
F,9
106,1
107,-4
0,32809
11,120523
10,23384840
A,-0.376143
B,-78.489624
C,2587.50
D,0.30
F,9
114,142
0,32869
11,120523
10,23384850
A,-0.376144
B,-78.489624
C,2587.50
D,0.06
F,9
20,-2,-21,-107
24,1327
0,32883
10D,0
0,32940
11,120523
10,23384850
A,-0.376144
B,-78.489624
C,2587.60
D,0.06
F,9
10C,832
0,33000
11,120523
10,23384860
A,-0.376144
B,-78.489624
C,2587.60
D,0.07
F,9
111,13
105,88
0,33120
11,120523
10,23384870
A,-0.376144
B,-78.489624
C,2587.60
D,0.06
F,9
10F,54
0,33180
11,120523
10,23384880
A,-0.376144
B,-78.489624
C,2587.60
D,0.06
F,9
10B,25
106,1
0,33300
11,120523
10,23384890
A,-0.376144
B,-78.489624
C,2587.60
D,0.04
F,9
107,-4
0,33361
11,120523
10,23384900
A,-0.376144
B,-78.489624
C,2587.60
D,0.06
F,9
114,135
0,33429
11,120523
10,23384900
A,-0.376144
B,-78.489624
C,2587.60
D,0.06
F,9
20,-3,-21,-109
24,1323
0,33438
10D,0
0,33500
11,120523
10,23384910
A,-0.376144
B,-78.489624
C,2587.60
D,0.09
F,9
10C,824
0,33561
11,120523
10,23384920
A,-0.376144
B,-78.489624
C,2587.60
D,0.06
F,9
111,13
0,33620
11,120523
10,23384920
A,-0.376144
B,-78.489624
C,2587.60
D,0.06
F,9
105,88
0,33680
11,120523
10,23384930
A,-0.376144
B,-78.489624
C,2587.60
D,0.06
F,9
10F,54
0,33741
11,120523
10,23384930
A,-0.376144
B,-78.489624
C,2587.60
D,0.06
F,9
10B,25
0,33809
11,120523
10,23384940
A,-0.376144
B,-78.489624
C,2587.60
D,0.09
F,9
106,1
0,33869
11,120523
10,23384950
A,-0.376144
B,-78.489624
C,2587.60
D,0.11
F,9
107,-4
0,33929
11,120523
10,23384950
A,-0.376144
B,-78.489624
C,2587.60
D,0.11
F,9
114,84
0,33989
11,120523
10,23384960
A,-0.376144
B,-78.489624
C,2587.60
D,0.06
F,9
20,-3,-21,-106
24,1374
0,34108
10D,0
0,34169
11,120523
10,23384980
A,-0.376144
B,-78.489624
C,2587.60
D,0.02
F,9
10C,816
0,34229
11,120523
10,23384980
A,-0.376144
B,-78.489624
C,2587.60
D,0.02
F,9
111,16
0,34300
11,120523
10,23384990
A,-0.376144
B,-78.489624
C,2587.60
D,0.17
F,9
105,88
0,34361
11,120523
10,23385000
A,-0.376144
B,-78.489624
C,2587.60
D,0.06
F,9
10F,55
0,34420
11,120523
10,23385000
A,-0.376144
B,-78.489624
C,2587.60
D,0.06
F,9
10B,33
0,34480
11,120523
10,23385010
A,-0.376143
B,-78.489624
C,2587.60
D,0.24
F,9
106,1
107,-4
0,34600
11,120523
10,23385020
A,-0.376143
B,-78.489624
C,2587.60
D,0.09
F,9
114,15
0,34661
11,120523
10,23385030
A,-0.376143
B,-78.489624
C,2587.60
D,0.13
F,9
20,-2,-21,-108
24,1373
0,34675
10D,0
0,34729
11,120523
10,23385030
A,-0.376143
B,-78.489624
C,2587.60
D,0.13
F,9
10C,908
0,34789
11,120523
10,23385040
A,-0.376143
B,-78.489624
C,2587.60
D,0.09
F,9
111,30
105,88
0,34909
11,120523
10,23385050
A,-0.376143
B,-78.489624
C,2587.60
D,0.09
F,9
10F,55
0,34969
11,120523
10,23385060
A,-0.376143
B,-78.489624
C,2587.60
D,0.06
F,9
10B,68
0,35029
11,120523
10,23385060
A,-0.376143
B,-78.489624
C,2587.60
D,0.06
F,9
106,2
0,35089
11,120523
10,23385070
A,-0.376143
B,-78.489624
C,2587.50
D,0.22
F,9
107,-4
0,35161
11,120523
10,23385080
A,-0.376142
B,-78.489624
C,2587.50
D,0.43
F,9
114,10
0,35220
11,120523
10,23385080
A,-0.376142
B,-78.489624
C,2587.50
D,0.43
F,9
20,-6,-19,-102
24,1365
0,35229
10D,0
0,35289
11,120523
10,23385090
A,-0.376142
B,-78.489624
C,2587.50
D,0.85
F,9
10C,837
111,70
0,35409
11,120523
10,23385100
A,-0.376142
B,-78.489624
C,2587.50
D,1.24
F,9
105,88
0,35469
11,120523
10,23385110
A,-0.376142
B,-78.489624
C,2587.50
D,0.56
F,9
10F,55
0,35540
11,120523
10,23385110
A,-0.376142
B,-78.489624
C,2587.60
D,0.56
F,9
10B,68
0,35600
11,120523
10,23385120
A,-0.376141
B,-78.489624
C,2587.60
D,0.83
F,9
106,4
0,35661
11,120523
10,23385130
A,-0.376141
B,-78.489624
C,2587.60
D,0.72
F,9
107,-4
0,35720
11,120523
10,23385130
A,-0.376141
B,-78.489624
C,2587.50
D,0.72
F,9
114,15
0,35780
11,120523
10,23385140
A,-0.376141
B,-78.489624
C,2587.50
D,0.54
F,9
20,-2,-15,-109
24,1329
0,35789
10D,0
10C,1636
0,35909
11,120523
10,23385150
A,-0.376141
B,-78.489624
C,2587.50
D,0.69
F,9
111,47
0,35980
11,120523
10,23385160
A,-0.376141
B,-78.489624
C,2587.50
D,1.15
F,9
105,88
10F,55
0,36100
11,120523
10,23385170
A,-0.376141
B,-78.489624
C,2587.50
D,1.22
F,9
10B,74
0,36162
11,120523
10,23385180
A,-0.376140
B,-78.489624
C,2587.50
D,1.72
F,9
106,4
0,36220
11,120523
10,23385180
A,-0.376140
B,-78.489624
C,2587.50
D,1.72
F,9
107,-4
0,36280
11,120523
10,23385190
A,-0.376140
B,-78.489624
C,2587.50
D,1.59
F,9
114,152
20,-2,-7,-114
24,1318
0,36348
10D,1
0,36409
11,120523
10,23385200
A,-0.376139
B,-78.489624
C,2587.50
D,2.00
F,9
10C,1787
0,36480
11,120523
10,23385210
A,-0.376139
B,-78.489624
C,2587.50
D,2.50
F,9
111,27
0,36540
11,120523
10,23385210
A,-0.376139
B,-78.489624
C,2587.50
D,2.50
F,9
105,88
0,36600
11,120523
10,23385220
A,-0.376138
B,-78.489624
C,2587.50
D,3.09
F,9
10F,55
0,36662
11,120523
10,23385230
A,-0.376137
B,-78.489624
C,2587.50
D,3.78
F,9
10B,55
0,36720
11,120523
10,23385230
A,-0.376137
B,-78.489624
C,2587.50
D,3.78
F,9
106,3
0,36780
11,120523
10,23385240
A,-0.376137
B,-78.489616
C,2587.50
D,4.19
F,9
107,-4
0,36850
11,120523
10,23385240
A,-0.376137
B,-78.489616
C,2587.50
D,4.19
F,9
114,179
0,36909
11,120523
10,23385250
A,-0.376136
B,-78.489616
C,2587.50
D,5.26
F,9
20,-2,-14,-119
24,1354
0,36918
10D,4
0,36980
11,120523
10,23385260
A,-0.376136
B,-78.489616
C,2587.50
D,4.63
F,9
10C,741
0,37040
11,120523
10,23385260
A,-0.376136
B,-78.489616
C,2587.50
D,4.63
F,9
111,30
0,37100
11,120523
10,23385270
A,-0.376135
B,-78.489616
C,2587.50
D,4.48
F,9
105,88
10F,55
0,37220
11,120523
10,23385280
A,-0.376134
B,-78.489616
C,2587.50
D,5.17
F,9
10B,74
0,37289
11,120523
10,23385290
A,-0.376133
B,-78.489616
C,2587.60
D,5.04
F,9
106,0
107,-4
0,37409
11,120523
10,23385300
A,-0.376132
B,-78.489616
C,2587.50
D,5.35
F,9
114,155
0,37469
11,120523
10,23385310
A,-0.376131
B,-78.489616
C,2587.50
D,5.70
F,9
20,-2,-9,-113
24,1370
0,37572
10D,6
0,37629
11,120523
10,23385320
A,-0.376130
B,-78.489616
C,2587.60
D,5.89
F,9
10C,900
0,37689
11,120523
10,23385330
A,-0.376129
B,-78.489609
C,2587.60
D,6.37
F,9
111,75
105,88
0,37820
11,120523
10,23385340
A,-0.376127
B,-78.489609
C,2587.60
D,6.26
F,9
10F,55
0,37880
11,120523
10,23385350
A,-0.376126
B,-78.489609
C,2587.60
D,6.69
F,9
10B,74
0,37940
11,120523
10,23385350
A,-0.376126
B,-78.489609
C,2587.60
D,6.69
F,9
106,0
0,38000
11,120523
10,23385360
A,-0.376124
B,-78.489609
C,2587.60
D,7.59
F,9
107,-4
114,10
0,38120
11,120523
10,23385370
A,-0.376123
B,-78.489609
C,2587.70
D,7.82
F,9
20,-7,-26,-124
24,1374
0,38129
10D,7
0,38189
11,120523
10,23385380
A,-0.376121
B,-78.489609
C,2587.70
D,7.82
F,9
10C,1146
111,23
0,38320
11,120523
10,23385390
A,-0.376119
B,-78.489609
C,2587.70
D,8.22
F,9
105,88
0,38380
11,120523
10,23385400
A,-0.376117
B,-78.489601
C,2587.70
D,8.33
F,9
10F,55
0,38440
11,120523
10,23385400
A,-0.376117
B,-78.489601
C,2587.70
D,8.33
F,9
10B,59
0,38500
11,120523
10,23385410
A,-0.376115
B,-78.489601
C,2587.70
D,8.72
F,9
106,3
0,38562
11,120523
10,23385420
A,-0.376114
B,-78.489601
C,2587.70
D,9.22
F,9
107,-4
0,38620
11,120523
10,23385420
A,-0.376114
B,-78.489601
C,2587.80
D,9.22
F,9
114,163
0,38689
11,120523
10,23385430
A,-0.376112
B,-78.489601
C,2587.80
D,9.33
F,9
20,-5,-13,-114
24,1381
0,38698
10D,9
0,38762
11,120523
10,23385440
A,-0.376110
B,-78.489601
C,2587.80
D,9.70
F,9
10C,1263
0,38820
11,120523
10,23385440
A,-0.376110
B,-78.489601
C,2587.80
D,9.70
F,9
111,22
0,38880
11,120523
10,23385450
A,-0.376108
B,-78.489601
C,2587.80
D,9.54
F,9
105,88
0,38940
11,120523
10,23385450
A,-0.376108
B,-78.489601
C,2587.90
D,9.54
F,9
10F,55
0,39009
11,120523
10,23385460
A,-0.376106
B,-78.489594
C,2587.90
D,10.00
F,9
10B,58
0,39069
11,120523
10,23385470
A,-0.376104
B,-78.489594
C,2587.90
D,10.57
F,9
106,3
0,39129
11,120523
10,23385470
A,-0.376104
B,-78.489594
C,2588.00
D,10.57
F,9
107,-4
0,39189
11,120523
10,23385480
A,-0.376102
B,-78.489594
C,2588.00
D,10.78
F,9
114,12
20,-9,-10,-116
24,1378
0,39257
10D,11
0,39320
11,120523
10,23385490
A,-0.376100
B,-78.489586
C,2588.10
D,10.76
F,9
10C,1524
0,39380
11,120523
10,23385500
A,-0.376097
B,-78.489586
C,2588.10
D,11.24
F,9
111,25
0,39449
11,120523
10,23385500
A,-0.376097
B,-78.489586
C,2588.10
D,11.24
F,9
105,88
0,39510
11,120523
10,23385510
A,-0.376095
B,-78.489586
C,2588.10
D,11.61
F,9
10F,55
0,39570
11,120523
10,23385520
A,-0.376093
B,-78.489586
C,2588.10
D,11.50
F,9
10B,60
0,39630
11,120523
10,23385520
A,-0.376093
B,-78.489586
C,2588.20
D,11.50
F,9
106,4
0,39690
11,120523
10,23385530
A,-0.376091
B,-78.489586
C,2588.20
D,11.80
F,9
107,-4
114,15
0,39810
11,120523
10,23385540
A,-0.376088
B,-78.489578
C,2588.30
D,12.28
F,9
20,1,-4,-112
24,1378
0,39825
10D,12
0,39880
11,120523
10,23385550
A,-0.376086
B,-78.489578
C,2588.30
D,12.82
F,9
10C,1749
0,39940
11,120523
10,23385550
A,-0.376086
B,-78.489578
C,2588.30
D,12.82
F,9
111,28
0,40000
11,120523
10,23385560
A,-0.376083
B,-78.489578
C,2588.40
D,13.43
F,9
105,88
10F,55
0,40120
11,120523
10,23385570
A,-0.376081
B,-78.489571
C,2588.40
D,13.54
F,9
10B,63
0,40180
11,120523
10,23385580
A,-0.376078
B,-78.489571
C,2588.40
D,13.67
F,9
106,7
0,40240
11,120523
10,23385580
A,-0.376078
B,-78.489571
C,2588.50
D,13.67
F,9
107,-4
0,40310
11,120523
10,23385590
A,-0.376076
B,-78.489571
C,2588.60
D,13.70
F,9
114,171
0,40370
11,120523
10,23385600
A,-0.376074
B,-78.489571
C,2588.60
D,13.72
F,9
20,-8,-13,-107
24,1377
0,40379
10D,14
0,40440
11,120523
10,23385600
A,-0.376074
B,-78.489571
C,2588.70
D,13.72
F,9
10C,1923
0,40500
11,120523
10,23385610
A,-0.376071
B,-78.489563
C,2588.70
D,13.95
F,9
111,21
0,40562
11,120523
10,23385620
A,-0.376068
B,-78.489563
C,2588.70
D,14.45
F,9
105,88
0,40630
11,120523
10,23385620
A,-0.376068
B,-78.489563
C,2588.80
D,14.45
F,9
10F,55
0,40690
11,120523
10,23385630
A,-0.376066
B,-78.489563
C,2588.90
D,13.89
F,9
10B,49
106,3
0,40810
11,120523
10,23385640
A,-0.376062
B,-78.489555
C,2589.00
D,14.09
F,9
107,-4
0,40870
11,120523
10,23385650
A,-0.376059
B,-78.489555
C,2589.00
D,14.59
F,9
114,163
0,40930
11,120523
10,23385650
A,-0.376059
B,-78.489555
C,2589.00
D,14.59
F,9
20,-7,-15,-99
24,1381
0,41033
10D,14
0,41090
11,120523
10,23385670
A,-0.376053
B,-78.489555
C,2589.10
D,15.06
F,9
10C,1989
111,20
0,41210
11,120523
10,23385680
A,-0.376051
B,-78.489548
C,2589.10
D,14.96
F,9
105,88
0,41280
11,120523
10,23385690
A,-0.376048
B,-78.489548
C,2589.10
D,14.65
F,9
10F,55
0,41340
11,120523
10,23385690
A,-0.376048
B,-78.489548
C,2589.20
D,14.65
F,9
10B,44
0,41400
11,120523
10,23385700
A,-0.376045
B,-78.489548
C,2589.30
D,15.09
F,9
106,-1
0,41462
11,120523
10,23385710
A,-0.376043
B,-78.489532
C,2589.30
D,15.06
F,9
107,-4
0,41520
11,120523
10,23385710
A,-0.376043
B,-78.489532
C,2589.30
D,15.06
F,9
114,17
0,41580
11,120523
10,23385720
A,-0.376040
B,-78.489532
C,2589.30
D,15.20
F,9
20,-1,-7,-109
24,1378
0,41595
10D,15
0,41650
11,120523
10,23385720
A,-0.376040
B,-78.489532
C,2589.30
D,15.20
F,9
10C,2042
0,41710
11,120523
10,23385730
A,-0.376038
B,-78.489532
C,2589.40
D,14.83
F,9
111,21
0,41770
11,120523
10,23385740
A,-0.376035
B,-78.489525
C,2589.40
D,14.91
F,9
105,88
0,41830
11,120523
10,23385740
A,-0.376035
B,-78.489525
C,2589.50
D,14.91
F,9
10F,54
0,41890
11,120523
10,23385750
A,-0.376033
B,-78.489525
C,2589.60
D,15.08
F,9
10B,43
106,0
0,42016
11,120523
10,23385760
A,-0.376030
B,-78.489517
C,2589.60
D,15.13
F,9
107,-4
0,42080
11,120523
10,23385770
A,-0.376028
B,-78.489517
C,2589.60
D,15.37
F,9
114,127
0,42140
11,120523
10,23385770
A,-0.376028
B,-78.489517
C,2589.70
D,15.37
F,9
20,-9,-16,-103
24,1378
0,42149
10D,15
0,42210
11,120523
10,23385780
A,-0.376025
B,-78.489517
C,2589.80
D,15.43
F,9
10C,2083
0,42270
11,120523
10,23385790
A,-0.376023
B,-78.489510
C,2589.80
D,15.32
F,9
111,20
0,42330
11,120523
10,23385790
A,-0.376023
B,-78.489510
C,2589.80
D,15.32
F,9
105,89
0,42400
11,120523
10,23385800
A,-0.376020
B,-78.489510
C,2589.90
D,15.56
F,9
10F,54
0,42462
11,120523
10,23385810
A,-0.376018
B,-78.489510
C,2589.90
D,15.83
F,9
10B,42
0,42520
11,120523
10,23385810
A,-0.376018
B,-78.489510
C,2590.00
D,15.83
F,9
106,0
0,42580
11,120523
10,23385820
A,-0.376015
B,-78.489502
C,2590.00
D,15.37
F,9
107,-4
0,42640
11,120523
10,23385820
A,-0.376015
B,-78.489502
C,2590.00
D,15.37
F,9
114,17
0,42700
11,120523
10,23385830
A,-0.376013
B,-78.489502
C,2590.10
D,16.22
F,9
20,-7,-23,-127
24,1378
0,42715
10D,15
0,42770
11,120523
10,23385840
A,-0.376009
B,-78.489502
C,2590.10
D,15.96
F,9
10C,2121
0,42830
11,120523
10,23385840
A,-0.376009
B,-78.489502
C,2590.20
D,15.96
F,9
111,21
0,42890
11,120523
10,23385850
A,-0.376007
B,-78.489494
C,2590.30
D,15.98
F,9
105,89
10F,54
0,43010
11,120523
10,23385860
A,-0.376005
B,-78.489494
C,2590.30
D,15.82
F,9
10B,41
0,43070
11,120523
10,23385870
A,-0.376002
B,-78.489487
C,2590.30
D,16.17
F,9
106,1
0,43130
11,120523
10,23385870
A,-0.376002
B,-78.489487
C,2590.40
D,16.17
F,9
107,-4
0,43200
11,120523
10,23385880
A,-0.376000
B,-78.489487
C,2590.50
D,16.20
F,9
114,22
20,-5,-37,-114
24,1377
0,43270
10D,16
0,43330
11,120523
10,23385890
A,-0.375997
B,-78.489487
C,2590.60
D,15.95
F,9
10C,2206
0,43390
11,120523
10,23385900
A,-0.375994
B,-78.489479
C,2590.70
D,16.58
F,9
111,20
105,89
0,43510
11,120523
10,23385910
A,-0.375991
B,-78.489479
C,2590.80
D,16.46
F,9
10F,54
0,43570
11,120523
10,23385920
A,-0.375988
B,-78.489479
C,2590.80
D,16.15
F,9
10B,39
0,43636
11,120523
10,23385920
A,-0.375988
B,-78.489479
C,2590.80
D,16.15
F,9
106,1
0,43700
11,120523
10,23385930
A,-0.375984
B,-78.489471
C,2590.90
D,16.69
F,9
107,-4
114,116
0,43820
11,120523
10,23385940
A,-0.375981
B,-78.489471
C,2591.00
D,16.30
F,9
20,0,-23,-113
24,1379
0,43829
10D,16
0,43890
11,120523
10,23385950
A,-0.375978
B,-78.489471
C,2591.10
D,16.52
F,9
10C,2286
111,20
0,44010
11,120523
10,23385960
A,-0.375975
B,-78.489464
C,2591.20
D,16.67
F,9
105,89
0,44070
11,120523
10,23385970
A,-0.375972
B,-78.489464
C,2591.20
D,16.69
F,9
10F,54
0,44140
11,120523
10,23385970
A,-0.375972
B,-78.489464
C,2591.20
D,16.69
F,9
10B,35
0,44200
11,120523
10,23385980
A,-0.375969
B,-78.489456
C,2591.30
D,16.89
F,9
106,0
0,44262
11,120523
10,23385990
A,-0.375966
B,-78.489456
C,2591.30
D,17.71
F,9
107,-4
0,44320
11,120523
10,23385990
A,-0.375966
B,-78.489456
C,2591.40
D,17.71
F,9
114,150
0,44380
11,120523
10,23390000
A,-0.375962
B,-78.489456
C,2591.40
D,17.30
F,9
20,-8,-22,-96
24,1375
0,44488
10D,16
0,44550
11,120523
10,23390010
A,-0.375959
B,-78.489449
C,2591.50
D,17.19
F,9
10C,2284
0,44610
11,120523
10,23390020
A,-0.375956
B,-78.489449
C,2591.50
D,16.63
F,9
111,18
0,44670
11,120523
10,23390030
A,-0.375953
B,-78.489449
C,2591.50
D,16.69
F,9
105,89
0,44730
11,120523
10,23390030
A,-0.375953
B,-78.489449
C,2591.60
D,16.69
F,9
10F,54
0,44790
11,120523
10,23390040
A,-0.375950
B,-78.489441
C,2591.70
D,16.93
F,9
10B,25
106,0
0,44910
11,120523
10,23390050
A,-0.375947
B,-78.489441
C,2591.80
D,16.89
F,9
107,-4
0,44980
11,120523
10,23390060
A,-0.375943
B,-78.489441
C,2591.80
D,17.13
F,9
114,22
0,45041
11,120523
10,23390060
A,-0.375943
B,-78.489441
C,2591.80
D,17.13
F,9
20,-2,-26,-111
24,1380
0,45050
10D,16
0,45110
11,120523
10,23390070
A,-0.375939
B,-78.489433
C,2591.80
D,17.08
F,9
10C,2197
0,45170
11,120523
10,23390080
A,-0.375937
B,-78.489433
C,2591.80
D,16.56
F,9
111,18
0,45230
11,120523
10,23390080
A,-0.375937
B,-78.489433
C,2592.00
D,16.56
F,9
105,89
0,45290
11,120523
10,23390090
A,-0.375933
B,-78.489433
C,2592.00
D,16.50
F,9
10F,54
10B,29
0,45421
11,120523
10,23390100
A,-0.375931
B,-78.489426
C,2592.10
D,16.32
F,9
106,1
0,45481
11,120523
10,23390110
A,-0.375927
B,-78.489426
C,2592.10
D,16.09
F,9
107,-4
0,45540
11,120523
10,23390110
A,-0.375927
B,-78.489426
C,2592.20
D,16.09
F,9
114,144
0,45601
11,120523
10,23390120
A,-0.375924
B,-78.489426
C,2592.20
D,16.45
F,9
20,0,-19,-106
24,1375
0,45610
10D,16
0,45670
11,120523
10,23390130
A,-0.375921
B,-78.489426
C,2592.20
D,16.45
F,9
10C,2207
0,45730
11,120523
10,23390130
A,-0.375921
B,-78.489426
C,2592.30
D,16.45
F,9
111,21
0,45801
11,120523
10,23390140
A,-0.375918
B,-78.489418
C,2592.30
D,16.39
F,9
105,89
10F,55
0,45921
11,120523
10,23390150
A,-0.375915
B,-78.489418
C,2592.40
D,16.91
F,9
10B,42
0,45980
11,120523
10,23390160
A,-0.375912
B,-78.489410
C,2592.40
D,16.26
F,9
106,-2
0,46041
11,120523
10,23390160
A,-0.375912
B,-78.489410
C,2592.30
D,16.26
F,9
107,-4
0,46101
11,120523
10,23390170
A,-0.375909
B,-78.489410
C,2592.40
D,16.74
F,9
114,137
0,46162
11,120523
10,23390180
A,-0.375906
B,-78.489410
C,2592.40
D,16.76
F,9
20,-2,-14,-115
24,1379
0,46176
10D,16
0,46241
11,120523
10,23390180
A,-0.375906
B,-78.489410
C,2592.40
D,16.76
F,9
10C,2292
0,46301
11,120523
10,23390190
A,-0.375903
B,-78.489403
C,2592.50
D,16.85
F,9
111,21
0,46362
11,120523
10,23390200
A,-0.375900
B,-78.489403
C,2592.50
D,16.83
F,9
105,89
0,46421
11,120523
10,23390200
A,-0.375900
B,-78.489403
C,2592.60
D,16.83
F,9
10F,55
0,46481
11,120523
10,23390210
A,-0.375897
B,-78.489403
C,2592.60
D,17.04
F,9
10B,41
0,46550
11,120523
10,23390210
A,-0.375897
B,-78.489403
C,2592.60
D,17.04
F,9
106,-6
0,46610
11,120523
10,23390220
A,-0.375894
B,-78.489395
C,2592.60
D,16.93
F,9
107,-4
0,46670
11,120523
10,23390230
A,-0.375891
B,-78.489395
C,2592.60
D,17.39
F,9
114,52
0,46730
11,120523
10,23390230
A,-0.375891
B,-78.489395
C,2592.70
D,17.39
F,9
20,-2,-23,-103
24,1376
0,46739
10D,17
0,46801
11,120523
10,23390240
A,-0.375888
B,-78.489395
C,2592.80
D,17.30
F,9
10C,2334
111,21
0,46921
11,120523
10,23390250
A,-0.375885
B,-78.489388
C,2592.90
D,16.72
F,9
105,89
0,46990
11,120523
10,23390260
A,-0.375883
B,-78.489388
C,2592.90
D,17.46
F,9
10F,55
10B,41
0,47110
11,120523
10,23390270
A,-0.375880
B,-78.489372
C,2592.90
D,17.30
F,9
106,-7
0,47170
11,120523
10,23390280
A,-0.375876
B,-78.489372
C,2592.90
D,17.78
F,9
107,-4
0,47230
11,120523
10,23390280
A,-0.375876
B,-78.489372
C,2592.90
D,17.78
F,9
114,153
0,47290
11,120523
10,23390290
A,-0.375873
B,-78.489372
C,2592.90
D,17.83
F,9
20,1,-23,-116
24,1378
0,47399
10D,17
0,47462
11,120523
10,23390300
A,-0.375870
B,-78.489365
C,2593.00
D,17.93
F,9
10C,2410
0,47521
11,120523
10,23390310
A,-0.375867
B,-78.489365
C,2593.10
D,17.85
F,9
111,22
0,47581
11,120523
10,23390320
A,-0.375864
B,-78.489357
C,2593.10
D,17.95
F,9
105,89
0,47641
11,120523
10,23390320
A,-0.375864
B,-78.489357
C,2593.10
D,17.95
F,9
10F,55
0,47701
11,120523
10,23390330
A,-0.375861
B,-78.489357
C,2593.10
D,17.98
F,9
10B,48
106,-12
0,47821
11,120523
10,23390340
A,-0.375858
B,-78.489357
C,2593.20
D,18.30
F,9
107,-4
0,47890
11,120523
10,23390350
A,-0.375855
B,-78.489349
C,2593.20
D,18.33
F,9
114,150
20,-15,-11,-97
24,1377
0,47958
10D,18
0,48021
11,120523
10,23390360
A,-0.375852
B,-78.489349
C,2593.30
D,18.46
F,9
10C,2503
0,48081
11,120523
10,23390370
A,-0.375849
B,-78.489342
C,2593.30
D,18.72
F,9
111,24
0,48141
11,120523
10,23390370
A,-0.375849
B,-78.489342
C,2593.40
D,18.72
F,9
105,89
0,48201
11,120523
10,23390380
A,-0.375846
B,-78.489342
C,2593.40
D,19.00
F,9
10F,55
0,48262
11,120523
10,23390390
A,-0.375843
B,-78.489334
C,2593.40
D,19.13
F,9
10B,53
0,48330
11,120523
10,23390390
A,-0.375843
B,-78.489334
C,2593.50
D,19.13
F,9
106,-13
0,48390
11,120523
10,23390400
A,-0.375840
B,-78.489334
C,2593.50
D,19.21
F,9
107,-4
114,18
0,48510
11,120523
10,23390410
A,-0.375837
B,-78.489326
C,2593.50
D,19.65
F,9
20,2,-10,-123
24,1378
0,48519
10D,19
0,48581
11,120523
10,23390420
A,-0.375834
B,-78.489326
C,2593.50
D,19.56
F,9
10C,2666
0,48641
11,120523
10,23390420
A,-0.375834
B,-78.489326
C,2593.60
D,19.56
F,9
111,25
0,48701
11,120523
10,23390430
A,-0.375831
B,-78.489326
C,2593.60
D,19.58
F,9
105,89
0,48770
11,120523
10,23390440
A,-0.375827
B,-78.489319
C,2593.60
D,19.69
F,9
10F,55
0,48830
11,120523
10,23390440
A,-0.375827
B,-78.489319
C,2593.50
D,19.69
F,9
10B,53
0,48890
11,120523
10,23390450
A,-0.375823
B,-78.489319
C,2593.50
D,20.30
F,9
106,-10
107,-4
0,49010
11,120523
10,23390460
A,-0.375820
B,-78.489311
C,2593.50
D,20.32
F,9
114,15
0,49070
11,120523
10,23390470
A,-0.375816
B,-78.489311
C,2593.50
D,20.76
F,9
20,-2,-18,-111
24,1374
0,49084
10D,20
0,49141
11,120523
10,23390470
A,-0.375816
B,-78.489311
C,2593.40
D,20.76
F,9
10C,2722
0,49201
11,120523
10,23390480
A,-0.375812
B,-78.489304
C,2593.30
D,21.06
F,9
111,23
105,89
0,49321
11,120523
10,23390490
A,-0.375808
B,-78.489304
C,2593.40
D,21.19
F,9
10F,55
0,49381
11,120523
10,23390500
A,-0.375804
B,-78.489296
C,2593.40
D,21.19
F,9
10B,44
0,49441
11,120523
10,23390500
A,-0.375804
B,-78.489296
C,2593.30
D,21.19
F,9
106,-14
0,49501
11,120523
10,23390510
A,-0.375800
B,-78.489296
C,2593.30
D,21.04
F,9
107,-4
0,49570
11,120523
10,23390520
A,-0.375796
B,-78.489288
C,2593.30
D,21.32
F,9
114,77
0,49630
11,120523
10,23390520
A,-0.375796
B,-78.489288
C,2593.30
D,21.32
F,9
20,4,-34,-99
24,1376
0,49639
10D,20
0,49701
11,120523
10,23390530
A,-0.375792
B,-78.489288
C,2593.30
D,21.45
F,9
10C,2752
111,18
0,49821
11,120523
10,23390540
A,-0.375789
B,-78.489281
C,2593.30
D,21.24
F,9
105,89
0,49881
11,120523
10,23390550
A,-0.375785
B,-78.489281
C,2593.30
D,21.28
F,9
10F,54
0,49941
11,120523
10,23390550
A,-0.375785
B,-78.489281
C,2593.40
D,21.28
F,9
10B,25
0,50010
11,120523
10,23390560
A,-0.375781
B,-78.489281
C,2593.40
D,20.95
F,9
106,-14
0,50070
11,120523
10,23390570
A,-0.375778
B,-78.489273
C,2593.40
D,20.78
F,9
107,-4
0,50130
11,120523
10,23390570
A,-0.375778
B,-78.489273
C,2593.40
D,20.78
F,9
114,6
0,50190
11,120523
10,23390580
A,-0.375774
B,-78.489273
C,2593.50
D,20.41
F,9
20,1,-32,-113
24,1372
0,50199
10D,20
10C,2708
0,50321
11,120523
10,23390590
A,-0.375770
B,-78.489265
C,2593.50
D,20.63
F,9
111,18
0,50390
11,120523
10,23390600
A,-0.375766
B,-78.489265
C,2593.50
D,20.11
F,9
105,90
10F,54
0,50510
11,120523
10,23390610
A,-0.375763
B,-78.489258
C,2593.50
D,20.41
F,9
10B,21
0,50570
11,120523
10,23390620
A,-0.375759
B,-78.489258
C,2593.50
D,20.37
F,9
106,-11
0,50630
11,120523
10,23390620
A,-0.375759
B,-78.489258
C,2593.50
D,20.37
F,9
107,-4
0,50690
11,120523
10,23390630
A,-0.375755
B,-78.489250
C,2593.60
D,20.46
F,9
114,6
20,0,-31,-101
24,1379
0,50758
10D,19
0,50821
11,120523
10,23390640
A,-0.375752
B,-78.489250
C,2593.60
D,20.37
F,9
10C,2465
0,50890
11,120523
10,23390650
A,-0.375748
B,-78.489250
C,2593.60
D,20.15
F,9
111,16
105,89
0,51010
11,120523
10,23390660
A,-0.375745
B,-78.489243
C,2593.60
D,19.56
F,9
10F,54
0,51070
11,120523
10,23390670
A,-0.375741
B,-78.489243
C,2593.60
D,19.69
F,9
10B,18
0,51130
11,120523
10,23390670
A,-0.375741
B,-78.489243
C,2593.60
D,19.69
F,9
106,0
0,51190
11,120523
10,23390680
A,-0.375737
B,-78.489235
C,2593.60
D,19.69
F,9
107,-4
114,255
0,51310
11,120523
10,23390690
A,-0.375734
B,-78.489235
C,2593.70
D,19.58
F,9
20,-4,-26,-97
24,1377
0,51419
10D,18
0,51481
11,120523
10,23390710
A,-0.375726
B,-78.489227
C,2593.70
D,19.09
F,9
10C,1978
0,51541
11,120523
10,23390710
A,-0.375726
B,-78.489227
C,2593.70
D,19.09
F,9
111,22
0,51601
11,120523
10,23390720
A,-0.375723
B,-78.489227
C,2593.70
D,19.19
F,9
105,89
10F,54
0,51721
11,120523
10,23390730
A,-0.375719
B,-78.489220
C,2593.70
D,19.22
F,9
10B,51
0,51781
11,120523
10,23390740
A,-0.375716
B,-78.489220
C,2593.70
D,19.17
F,9
106,0
0,51841
11,120523
10,23390740
A,-0.375716
B,-78.489220
C,2593.70
D,19.17
F,9
107,-4
0,51910
11,120523
10,23390750
A,-0.375712
B,-78.489220
C,2593.70
D,19.74
F,9
114,15
0,51970
11,120523
10,23390760
A,-0.375709
B,-78.489204
C,2593.70
D,20.08
F,9
20,-4,-13,-104
24,1368
0,51979
10D,20
0,52041
11,120523
10,23390760
A,-0.375709
B,-78.489204
C,2593.80
D,20.08
F,9
10C,1574
0,52101
11,120523
10,23390770
A,-0.375705
B,-78.489204
C,2593.80
D,20.41
F,9
111,56
0,52162
11,120523
10,23390780
A,-0.375701
B,-78.489197
C,2593.80
D,20.58
F,9
105,90
0,52221
11,120523
10,23390780
A,-0.375701
B,-78.489197
C,2593.80
D,20.58
F,9
10F,55
0,52290
11,120523
10,23390790
A,-0.375696
B,-78.489197
C,2593.70
D,20.96
F,9
10B,74
106,3
0,52410
11,120523
10,23390800
A,-0.375693
B,-78.489189
C,2593.80
D,21.34
F,9
107,-4
0,52470
11,120523
10,23390810
A,-0.375688
B,-78.489189
C,2593.80
D,21.93
F,9
114,13
0,52530
11,120523
10,23390810
A,-0.375688
B,-78.489189
C,2593.70
D,21.93
F,9
20,0,-19,-106
24,1373
0,52539
10D,21
0,52601
11,120523
10,23390820
A,-0.375685
B,-78.489182
C,2593.80
D,22.34
F,9
10C,1745
111,81
0,52721
11,120523
10,23390830
A,-0.375680
B,-78.489182
C,2593.80
D,22.34
F,9
105,90
0,52790
11,120523
10,23390840
A,-0.375676
B,-78.489174
C,2593.80
D,22.56
F,9
10F,55
10B,74
0,52910
11,120523
10,23390850
A,-0.375671
B,-78.489174
C,2593.80
D,23.28
F,9
106,0
0,52970
11,120523
10,23390860
A,-0.375667
B,-78.489166
C,2593.80
D,23.56
F,9
107,-4
0,53030
11,120523
10,23390860
A,-0.375667
B,-78.489166
C,2593.80
D,23.56
F,9
114,162
0,53090
11,120523
10,23390870
A,-0.375663
B,-78.489166
C,2593.80
D,23.50
F,9
20,-5,-17,-95
24,1373
0,53105
10D,23
10C,1915
0,53221
11,120523
10,23390880
A,-0.375658
B,-78.489159
C,2593.80
D,23.80
F,9
111,14
0,53281
11,120523
10,23390890
A,-0.375654
B,-78.489159
C,2593.80
D,23.71
F,9
105,90
0,53341
11,120523
10,23390890
A,-0.375654
B,-78.489159
C,2593.80
D,23.71
F,9
10F,55
0,53401
11,120523
10,23390900
A,-0.375650
B,-78.489151
C,2593.80
D,23.82
F,9
10B,20
106,0
0,53521
11,120523
10,23390910
A,-0.375645
B,-78.489151
C,2593.80
D,23.52
F,9
107,-4
0,53581
11,120523
10,23390920
A,-0.375641
B,-78.489143
C,2593.80
D,23.11
F,9
114,0
0,53650
11,120523
10,23390920
A,-0.375641
B,-78.489143
C,2593.80
D,23.11
F,9
20,1,-32,-114
24,1370
0,53659
10D,22
0,53721
11,120523
10,23390930
A,-0.375637
B,-78.489143
C,2593.80
D,23.06
F,9
10C,1484
0,53781
11,120523
10,23390940
A,-0.375632
B,-78.489136
C,2593.80
D,23.08
F,9
111,14
0,53841
11,120523
10,23390940
A,-0.375632
B,-78.489136
C,2593.90
D,23.08
F,9
105,90
0,53901
11,120523
10,23390950
A,-0.375628
B,-78.489136
C,2593.90
D,23.11
F,9
10F,54
10B,18
0,54021
11,120523
10,23390960
A,-0.375624
B,-78.489136
C,2593.80
D,22.78
F,9
106,0
0,54090
11,120523
10,23390970
A,-0.375619
B,-78.489128
C,2593.80
D,22.95
F,9
107,-4
114,7
0,54210
11,120523
10,23390980
A,-0.375615
B,-78.489120
C,2593.90
D,22.76
F,9
20,0,-29,-92
24,1370
0,54219
10D,22
0,54281
11,120523
10,23390990
A,-0.375611
B,-78.489120
C,2593.90
D,22.89
F,9
10C,1230
0,54341
11,120523
10,23390990
A,-0.375611
B,-78.489120
C,2593.80
D,22.89
F,9
111,13
0,54401
11,120523
10,23391000
A,-0.375606
B,-78.489120
C,2593.80
D,22.41
F,9
105,90
0,54468
11,120523
10,23391010
A,-0.375602
B,-78.489113
C,2593.80
D,22.63
F,9
10F,54
0,54530
11,120523
10,23391010
A,-0.375602
B,-78.489113
C,2593.80
D,22.63
F,9
10B,19
0,54590
11,120523
10,23391020
A,-0.375597
B,-78.489113
C,2593.80
D,22.13
F,9
106,0
107,-4
0,54710
11,120523
10,23391030
A,-0.375593
B,-78.489105
C,2593.70
D,22.56
F,9
114,159
0,54770
11,120523
10,23391040
A,-0.375588
B,-78.489105
C,2593.70
D,21.72
F,9
20,4,-30,-98
24,1363
0,54879
10D,21
0,54941
11,120523
10,23391050
A,-0.375584
B,-78.489105
C,2593.60
D,21.82
F,9
10C,1048
0,55001
11,120523
10,23391060
A,-0.375580
B,-78.489098
C,2593.70
D,21.46
F,9
111,14
105,90
0,55121
11,120523
10,23391070
A,-0.375576
B,-78.489098
C,2593.60
D,21.35
F,9
10F,54
0,55181
11,120523
10,23391080
A,-0.375572
B,-78.489090
C,2593.60
D,21.34
F,9
10B,22
0,55241
11,120523
10,23391080
A,-0.375572
B,-78.489090
C,2593.60
D,21.34
F,9
106,0
0,55301
11,120523
10,23391090
A,-0.375567
B,-78.489090
C,2593.60
D,21.15
F,9
107,-4
0,55370
11,120523
10,23391100
A,-0.375564
B,-78.489082
C,2593.60
D,21.21
F,9
114,163
0,55430
11,120523
10,23391100
A,-0.375564
B,-78.489082
C,2593.60
D,21.21
F,9
20,-6,-34,-111
24,1366
0,55439
10D,20
0,55501
11,120523
10,23391110
A,-0.375559
B,-78.489082
C,2593.60
D,20.61
F,9
10C,943
111,14
0,55621
11,120523
10,23391120
A,-0.375555
B,-78.489075
C,2593.60
D,20.43
F,9
105,90
0,55681
11,120523
10,23391130
A,-0.375552
B,-78.489075
C,2593.60
D,20.26
F,9
10F,54
0,55741
11,120523
10,23391130
A,-0.375552
B,-78.489075
C,2593.60
D,20.26
F,9
10B,23
0,55810
11,120523
10,23391140
A,-0.375548
B,-78.489075
C,2593.50
D,20.48
F,9
106,0
0,55870
11,120523
10,23391150
A,-0.375543
B,-78.489067
C,2593.50
D,20.15
F,9
107,-4
0,55930
11,120523
10,23391150
A,-0.375543
B,-78.489067
C,2593.50
D,20.15
F,9
114,163
0,55990
11,120523
10,23391160
A,-0.375540
B,-78.489067
C,2593.50
D,19.82
F,9
20,-1,-34,-102
24,1362
0,55999
10D,19
10C,869
0,56121
11,120523
10,23391170
A,-0.375536
B,-78.489059
C,2593.50
D,19.80
F,9
111,13
0,56181
11,120523
10,23391180
A,-0.375532
B,-78.489059
C,2593.50
D,19.80
F,9
105,90
0,56250
11,120523
10,23391180
A,-0.375532
B,-78.489059
C,2593.50
D,19.80
F,9
10F,54
0,56310
11,120523
10,23391190
A,-0.375529
B,-78.489059
C,2593.50
D,19.41
F,9
10B,24
0,56370
11,120523
10,23391200
A,-0.375525
B,-78.489044
C,2593.50
D,19.08
F,9
106,0
0,56430
11,120523
10,23391200
A,-0.375525
B,-78.489044
C,2593.50
D,19.08
F,9
107,-4
0,56491
11,120523
10,23391210
A,-0.375522
B,-78.489044
C,2593.40
D,19.02
F,9
114,143
20,-2,-29,-104
24,1362
0,56563
10D,18
0,56621
11,120523
10,23391220
A,-0.375518
B,-78.489037
C,2593.40
D,18.83
F,9
10C,803
0,56681
11,120523
10,23391230
A,-0.375515
B,-78.489037
C,2593.40
D,18.48
F,9
111,13
0,56741
11,120523
10,23391230
A,-0.375515
B,-78.489037
C,2593.40
D,18.48
F,9
105,90
0,56801
11,120523
10,23391240
A,-0.375511
B,-78.489037
C,2593.40
D,18.58
F,9
10F,54
10B,25
0,56921
11,120523
10,23391250
A,-0.375508
B,-78.489029
C,2593.40
D,18.08
F,9
106,0
0,56981
11,120523
10,23391260
A,-0.375505
B,-78.489029
C,2593.40
D,18.22
F,9
107,-4
0,57050
11,120523
10,23391260
A,-0.375505
B,-78.489029
C,2593.40
D,18.22
F,9
114,15
0,57110
11,120523
10,23391270
A,-0.375501
B,-78.489029
C,2593.40
D,17.71
F,9
20,-7,-36,-101
24,1362
0,57119
10D,17
0,57181
11,120523
10,23391280
A,-0.375498
B,-78.489021
C,2593.40
D,17.48
F,9
10C,795
0,57241
11,120523
10,23391280
A,-0.375498
B,-78.489021
C,2593.40
D,17.48
F,9
111,13
0,57301
11,120523
10,23391290
A,-0.375495
B,-78.489021
C,2593.40
D,17.35
F,9
105,90
0,57363
11,120523
10,23391300
A,-0.375492
B,-78.489021
C,2593.40
D,17.24
F,9
10F,54
0,57430
11,120523
10,23391300
A,-0.375492
B,-78.489021
C,2593.40
D,17.24
F,9
10B,25
0,57490
11,120523
10,23391310
A,-0.375489
B,-78.489014
C,2593.40
D,16.74
F,9
106,0
107,-4
0,57610
11,120523
10,23391320
A,-0.375485
B,-78.489014
C,2593.30
D,16.91
F,9
114,14
0,57670
11,120523
10,23391330
A,-0.375482
B,-78.489006
C,2593.30
D,16.30
F,9
20,0,-42,-107
24,1359
0,57679
10D,16
0,57741
11,120523
10,23391330
A,-0.375482
B,-78.489006
C,2593.30
D,16.30
F,9
10C,788
0,57801
11,120523
10,23391340
A,-0.375480
B,-78.489006
C,2593.40
D,15.91
F,9
111,13
0,57870
11,120523
10,23391350
A,-0.375477
B,-78.489006
C,2593.40
D,15.67
F,9
105,90
0,57930
11,120523
10,23391350
A,-0.375477
B,-78.489006
C,2593.30
D,15.67
F,9
10F,55
0,57991
11,120523
10,23391360
A,-0.375474
B,-78.489006
C,2593.30
D,15.52
F,9
10B,25
106,0
0,58110
11,120523
10,23391370
A,-0.375471
B,-78.488998
C,2593.30
D,15.28
F,9
107,-4
0,58170
11,120523
10,23391380
A,-0.375468
B,-78.488998
C,2593.30
D,15.13
F,9
114,17
0,58230
11,120523
10,23391380
A,-0.375468
B,-78.488998
C,2593.30
D,15.13
F,9
20,2,-35,-114
24,1358
0,58338
10D,14
0,58401
11,120523
10,23391400
A,-0.375463
B,-78.488991
C,2593.30
D,14.22
F,9
10C,790
111,13
0,58521
11,120523
10,23391410
A,-0.375461
B,-78.488991
C,2593.30
D,13.93
F,9
105,90
0,58581
11,120523
10,23391420
A,-0.375458
B,-78.488991
C,2593.30
D,13.89
F,9
10F,55
0,58641
11,120523
10,23391420
A,-0.375458
B,-78.488991
C,2593.30
D,13.89
F,9
10B,25
0,58701
11,120523
10,23391430
A,-0.375455
B,-78.488991
C,2593.30
D,13.54
F,9
106,0
0,58763
11,120523
10,23391440
A,-0.375452
B,-78.488983
C,2593.30
D,13.32
F,9
107,-4
0,58830
11,120523
10,23391440
A,-0.375452
B,-78.488983
C,2593.30
D,13.32
F,9
114,19
0,58890
11,120523
10,23391450
A,-0.375450
B,-78.488983
C,2593.30
D,12.96
F,9
20,-5,-35,-104
24,1361
0,58899
10D,12
10C,798
0,59021
11,120523
10,23391460
A,-0.375447
B,-78.488983
C,2593.20
D,12.50
F,9
111,13
0,59081
11,120523
10,23391470
A,-0.375445
B,-78.488983
C,2593.20
D,12.30
F,9
105,90
0,59141
11,120523
10,23391470
A,-0.375445
B,-78.488983
C,2593.20
D,12.30
F,9
10F,54
0,59201
11,120523
10,23391480
A,-0.375442
B,-78.488976
C,2593.20
D,11.91
F,9
10B,25
0,59271
11,120523
10,23391490
A,-0.375440
B,-78.488976
C,2593.20
D,11.59
F,9
106,1
0,59330
11,120523
10,23391490
A,-0.375440
B,-78.488976
C,2593.20
D,11.59
F,9
107,-4
0,59391
11,120523
10,23391500
A,-0.375437
B,-78.488976
C,2593.10
D,11.56
F,9
114,24
20,-4,-38,-100
24,1362
0,59458
10D,10
0,59521
11,120523
10,23391510
A,-0.375434
B,-78.488976
C,2593.00
D,11.11
F,9
10C,807
0,59581
11,120523
10,23391520
A,-0.375432
B,-78.488976
C,2593.00
D,10.39
F,9
111,13
0,59641
11,120523
10,23391520
A,-0.375432
B,-78.488976
C,2592.90
D,10.39
F,9
105,90
0,59711
11,120523
10,23391530
A,-0.375430
B,-78.488976
C,2592.90
D,10.00
F,9
10F,55
0,59771
11,120523
10,23391540
A,-0.375428
B,-78.488976
C,2592.90
D,9.46
F,9
10B,25
0,59831
11,120523
10,23391540
A,-0.375428
B,-78.488976
C,2592.90
D,9.46
F,9
106,2
0,59891
11,120523
10,23391550
A,-0.375425
B,-78.488968
C,2592.80
D,9.26
F,9
107,-4
114,132
0,60011
11,120523
10,23391560
A,-0.375424
B,-78.488968
C,2592.80
D,8.61
F,9
20,1,-40,-97
24,1364
0,60026
10D,7
0,60081
11,120523
10,23391570
A,-0.375422
B,-78.488968
C,2592.80
D,8.41
F,9
10C,808
0,60141
11,120523
10,23391570
A,-0.375422
B,-78.488968
C,2592.80
D,8.41
F,9
111,13
0,60201
11,120523
10,23391580
A,-0.375421
B,-78.488968
C,2592.70
D,7.78
F,9
105,90
10F,55
0,60321
11,120523
10,23391590
A,-0.375419
B,-78.488968
C,2592.90
D,7.35
F,9
10B,25
0,60381
11,120523
10,23391600
A,-0.375418
B,-78.488960
C,2592.90
D,7.15
F,9
106,2
0,60441
11,120523
10,23391600
A,-0.375418
B,-78.488960
C,2592.90
D,7.15
F,9
107,-4
0,60511
11,120523
10,23391610
A,-0.375417
B,-78.488960
C,2592.80
D,7.24
F,9
114,136
0,60571
11,120523
10,23391620
A,-0.375415
B,-78.488960
C,2592.80
D,7.52
F,9
20,-1,-28,-104
24,1353
0,60580
10D,7
0,60641
11,120523
10,23391620
A,-0.375415
B,-78.488960
C,2592.80
D,7.52
F,9
10C,752
0,60701
11,120523
10,23391630
A,-0.375414
B,-78.488960
C,2592.80
D,7.00
F,9
111,17
0,60763
11,120523
10,23391640
A,-0.375413
B,-78.488960
C,2592.80
D,7.41
F,9
105,90
0,60821
11,120523
10,23391640
A,-0.375413
B,-78.488960
C,2592.80
D,7.41
F,9
10F,55
0,60891
11,120523
10,23391650
A,-0.375411
B,-78.488960
C,2592.80
D,7.20
F,9
10B,58
106,3
0,61011
11,120523
10,23391660
A,-0.375410
B,-78.488960
C,2592.80
D,6.74
F,9
107,-4
0,61071
11,120523
10,23391670
A,-0.375409
B,-78.488960
C,2592.80
D,6.44
F,9
114,20
0,61131
11,120523
10,23391670
A,-0.375409
B,-78.488960
C,2592.80
D,6.44
F,9
20,-4,-15,-102
24,1374
0,61140
10D,7
0,61201
11,120523
10,23391680
A,-0.375408
B,-78.488953
C,2592.80
D,6.70
F,9
10C,1080
0,61262
11,120523
10,23391690
A,-0.375407
B,-78.488953
C,2592.80
D,6.78
F,9
111,18
0,61331
11,120523
10,23391690
A,-0.375407
B,-78.488953
C,2592.90
D,6.78
F,9
105,90
0,61391
11,120523
10,23391700
A,-0.375406
B,-78.488953
C,2593.00
D,6.87
F,9
10F,55
10B,48
0,61511
11,120523
10,23391710
A,-0.375405
B,-78.488953
C,2593.00
D,7.28
F,9
106,3
0,61571
11,120523
10,23391720
A,-0.375404
B,-78.488953
C,2593.00
D,7.22
F,9
107,-4
0,61631
11,120523
10,23391720
A,-0.375404
B,-78.488953
C,2593.00
D,7.22
F,9
114,153
0,61691
11,120523
10,23391730
A,-0.375403
B,-78.488945
C,2593.00
D,7.93
F,9
20,3,-32,-107
24,1373
0,61816
10D,8
0,61871
11,120523
10,23391750
A,-0.375400
B,-78.488945
C,2593.00
D,8.33
F,9
10C,1253
0,61931
11,120523
10,23391750
A,-0.375400
B,-78.488945
C,2593.00
D,8.33
F,9
111,13
0,61991
11,120523
10,23391760
A,-0.375398
B,-78.488945
C,2593.00
D,8.24
F,9
105,90
10F,55
0,62111
11,120523
10,23391770
A,-0.375397
B,-78.488945
C,2593.10
D,8.33
F,9
10B,22
0,62171
11,120523
10,23391780
A,-0.375395
B,-78.488937
C,2593.10
D,8.50
F,9
106,3
0,62241
11,120523
10,23391780
A,-0.375395
B,-78.488937
C,2593.00
D,8.50
F,9
107,-4
0,62301
11,120523
10,23391790
A,-0.375394
B,-78.488937
C,2593.00
D,8.02
F,9
114,159
0,62363
11,120523
10,23391800
A,-0.375392
B,-78.488937
C,2593.00
D,8.20
F,9
20,0,-30,-94
24,1378
0,62372
10D,8
0,62431
11,120523
10,23391800
A,-0.375392
B,-78.488937
C,2593.00
D,8.20
F,9
10C,1084
0,62491
11,120523
10,23391810
A,-0.375391
B,-78.488937
C,2593.00
D,7.37
F,9
111,13
105,90
0,62611
11,120523
10,23391820
A,-0.375390
B,-78.488937
C,2593.00
D,7.50
F,9
10F,55
0,62681
11,120523
10,23391830
A,-0.375389
B,-78.488930
C,2593.00
D,7.91
F,9
10B,20
0,62741
11,120523
10,23391830
A,-0.375389
B,-78.488930
C,2593.00
D,7.91
F,9
106,1
0,62801
11,120523
10,23391840
A,-0.375388
B,-78.488930
C,2593.00
D,7.45
F,9
107,-4
114,148
0,62921
11,120523
10,23391850
A,-0.375386
B,-78.488930
C,2593.00
D,7.56
F,9
20,0,-27,-107
24,1368
0,62930
10D,8
0,62991
11,120523
10,23391860
A,-0.375385
B,-78.488930
C,2593.00
D,7.74
F,9
10C,947
111,13
0,63121
11,120523
10,23391870
A,-0.375383
B,-78.488930
C,2593.00
D,8.52
F,9
105,90
0,63181
11,120523
10,23391880
A,-0.375382
B,-78.488930
C,2593.00
D,8.57
F,9
10F,55
0,63241
11,120523
10,23391880
A,-0.375382
B,-78.488930
C,2593.10
D,8.57
F,9
10B,23
0,63301
11,120523
10,23391890
A,-0.375380
B,-78.488922
C,2593.10
D,8.37
F,9
106,0
107,-4
0,63421
11,120523
10,23391900
A,-0.375379
B,-78.488922
C,2593.10
D,8.13
F,9
114,83
0,63481
11,120523
10,23391910
A,-0.375378
B,-78.488922
C,2593.10
D,8.26
F,9
20,-3,-29,-105
24,1375
0,63496
10D,8
0,63551
11,120523
10,23391910
A,-0.375378
B,-78.488922
C,2593.10
D,8.26
F,9
10C,877
0,63611
11,120523
10,23391920
A,-0.375377
B,-78.488922
C,2593.10
D,8.33
F,9
111,13
0,63671
11,120523
10,23391930
A,-0.375376
B,-78.488922
C,2593.10
D,7.95
F,9
105,90
0,63731
11,120523
10,23391930
A,-0.375376
B,-78.488922
C,2593.20
D,7.95
F,9
10F,55
0,63791
11,120523
10,23391940
A,-0.375374
B,-78.488914
C,2593.20
D,8.65
F,9
10B,24
106,0
0,63911
11,120523
10,23391950
A,-0.375373
B,-78.488914
C,2593.10
D,8.28
F,9
107,-4
0,63981
11,120523
10,23391960
A,-0.375371
B,-78.488914
C,2593.10
D,8.39
F,9
114,14
0,64041
11,120523
10,23391960
A,-0.375371
B,-78.488914
C,2593.20
D,8.39
F,9
20,-5,-32,-107
24,1362
0,64050
10D,8
0,64111
11,120523
10,23391970
A,-0.375370
B,-78.488914
C,2593.20
D,8.69
F,9
10C,828
0,64171
11,120523
10,23391980
A,-0.375369
B,-78.488914
C,2593.20
D,8.39
F,9
111,13
0,64231
11,120523
10,23391980
A,-0.375369
B,-78.488914
C,2593.20
D,8.39
F,9
105,90
0,64291
11,120523
10,23391990
A,-0.375368
B,-78.488907
C,2593.20
D,8.69
F,9
10F,55
0,64363
11,120523
10,23392000
A,-0.375366
B,-78.488907
C,2593.20
D,8.61
F,9
10B,24
0,64421
11,120523
10,23392000
A,-0.375366
B,-78.488907
C,2593.20
D,8.61
F,9
106,0
0,64481
11,120523
10,23392010
A,-0.375365
B,-78.488907
C,2593.20
D,8.37
F,9
107,-4
0,64541
11,120523
10,23392010
A,-0.375365
B,-78.488907
C,2593.10
D,8.37
F,9
114,14
0,64601
11,120523
10,23392020
A,-0.375364
B,-78.488907
C,2593.10
D,8.22
F,9
20,-6,-29,-102
24,1370
0,64709
10D,8
0,64771
11,120523
10,23392040
A,-0.375360
B,-78.488899
C,2593.10
D,8.35
F,9
10C,808
0,64831
11,120523
10,23392040
A,-0.375360
B,-78.488899
C,2593.10
D,8.35
F,9
111,13
0,64891
11,120523
10,23392050
A,-0.375359
B,-78.488899
C,2593.10
D,8.54
F,9
105,90
10F,55
0,65011
11,120523
10,23392060
A,-0.375357
B,-78.488899
C,2593.10
D,8.02
F,9
10B,25
0,65071
11,120523
10,23392070
A,-0.375356
B,-78.488899
C,2593.10
D,7.46
F,9
106,0
0,65131
11,120523
10,23392070
A,-0.375356
B,-78.488899
C,2593.20
D,7.46
F,9
107,-4
0,65201
11,120523
10,23392080
A,-0.375354
B,-78.488899
C,2593.20
D,7.20
F,9
114,18
20,0,-32,-104
24,1370
0,65271
10D,7
0,65331
11,120523
10,23392090
A,-0.375352
B,-78.488899
C,2593.10
D,6.89
F,9
10C,787
0,65391
11,120523
10,23392100
A,-0.375350
B,-78.488899
C,2593.20
D,8.09
F,9
111,13
105,90
0,65511
11,120523
10,23392110
A,-0.375348
B,-78.488899
C,2593.10
D,8.11
F,9
10F,55
0,65571
11,120523
10,23392120
A,-0.375347
B,-78.488892
C,2593.10
D,7.96
F,9
10B,25
0,65631
11,120523
10,23392120
A,-0.375347
B,-78.488892
C,2593.10
D,7.96
F,9
106,0
0,65701
11,120523
10,23392130
A,-0.375345
B,-78.488892
C,2593.20
D,8.24
F,9
107,-4
0,65763
11,120523
10,23392140
A,-0.375343
B,-78.488892
C,2593.20
D,8.96
F,9
114,55
0,65821
11,120523
10,23392140
A,-0.375343
B,-78.488892
C,2593.20
D,8.96
F,9
20,-4,-34,-101
24,1362
0,65830
10D,7
0,65891
11,120523
10,23392150
A,-0.375342
B,-78.488892
C,2593.20
D,8.33
F,9
10C,789
111,13
0,66011
11,120523
10,23392160
A,-0.375341
B,-78.488892
C,2593.10
D,7.67
F,9
105,90
0,66071
11,120523
10,23392170
A,-0.375340
B,-78.488876
C,2593.10
D,7.39
F,9
10F,55
0,66141
11,120523
10,23392170
A,-0.375340
B,-78.488876
C,2593.10
D,7.39
F,9
10B,25
0,66201
11,120523
10,23392180
A,-0.375340
B,-78.488876
C,2593.10
D,7.43
F,9
106,0
0,66263
11,120523
10,23392190
A,-0.375338
B,-78.488876
C,2593.10
D,7.52
F,9
107,-4
0,66321
11,120523
10,23392190
A,-0.375338
B,-78.488876
C,2593.10
D,7.52
F,9
114,140
0,66382
11,120523
10,23392200
A,-0.375338
B,-78.488876
C,2593.10
D,7.61
F,9
20,-4,-31,-103
24,1346
0,66391
10D,7
0,66451
11,120523
10,23392200
A,-0.375338
B,-78.488876
C,2593.10
D,7.61
F,9
10C,782
0,66522
11,120523
10,23392210
A,-0.375337
B,-78.488876
C,2593.10
D,7.33
F,9
111,13
0,66581
11,120523
10,23392220
A,-0.375337
B,-78.488869
C,2593.10
D,7.17
F,9
105,90
0,66641
11,120523
10,23392220
A,-0.375337
B,-78.488869
C,2593.10
D,7.17
F,9
10F,55
0,66701
11,120523
10,23392230
A,-0.375336
B,-78.488869
C,2593.10
D,6.95
F,9
10B,25
106,0
0,66822
11,120523
10,23392240
A,-0.375335
B,-78.488869
C,2593.10
D,7.30
F,9
107,-4
0,66882
11,120523
10,23392250
A,-0.375334
B,-78.488869
C,2593.10
D,6.65
F,9
114,135
0,66951
11,120523
10,23392250
A,-0.375334
B,-78.488869
C,2593.00
D,6.65
F,9
20,0,-29,-103
24,1359
0,66960
10D,6
0,67022
11,120523
10,23392260
A,-0.375334
B,-78.488861
C,2593.10
D,7.02
F,9
10C,789
0,67081
11,120523
10,23392270
A,-0.375332
B,-78.488861
C,2593.10
D,6.98
F,9
111,13
0,67142
11,120523
10,23392270
A,-0.375332
B,-78.488861
C,2593.00
D,6.98
F,9
105,90
0,67202
11,120523
10,23392280
A,-0.375332
B,-78.488861
C,2593.00
D,7.07
F,9
10F,55
0,67269
11,120523
10,23392290
A,-0.375331
B,-78.488861
C,2593.00
D,6.82
F,9
10B,25
0,67331
11,120523
10,23392290
A,-0.375331
B,-78.488861
C,2592.90
D,6.82
F,9
106,0
0,67391
11,120523
10,23392300
A,-0.375330
B,-78.488861
C,2592.90
D,6.82
F,9
107,-4
114,142
0,67511
11,120523
10,23392310
A,-0.375329
B,-78.488861
C,2592.90
D,6.95
F,9
20,2,-29,-102
24,1374
0,67520
10D,6
0,67582
11,120523
10,23392320
A,-0.375328
B,-78.488853
C,2592.90
D,7.15
F,9
10C,800
0,67642
11,120523
10,23392320
A,-0.375328
B,-78.488853
C,2592.80
D,7.15
F,9
111,13
0,67711
11,120523
10,23392330
A,-0.375327
B,-78.488853
C,2592.80
D,6.74
F,9
105,90
0,67771
11,120523
10,23392340
A,-0.375326
B,-78.488853
C,2592.80
D,6.65
F,9
10F,55
0,67831
11,120523
10,23392340
A,-0.375326
B,-78.488853
C,2592.70
D,6.65
F,9
10B,25
0,67891
11,120523
10,23392350
A,-0.375325
B,-78.488853
C,2592.60
D,6.65
F,9
106,0
107,-4
0,68011
11,120523
10,23392360
A,-0.375323
B,-78.488853
C,2592.60
D,6.56
F,9
114,137
0,68071
11,120523
10,23392370
A,-0.375322
B,-78.488853
C,2592.60
D,6.98
F,9
20,5,-25,-101
24,1367
0,68179
10D,6
0,68242
11,120523
10,23392380
A,-0.375322
B,-78.488846
C,2592.50
D,6.82
F,9
10C,796
0,68302
11,120523
10,23392390
A,-0.375321
B,-78.488846
C,2592.50
D,7.15
F,8
111,13
105,90
0,68422
11,120523
10,23392400
A,-0.375320
B,-78.488846
C,2592.50
D,6.89
F,8
10F,55
0,68482
11,120523
10,23392410
A,-0.375319
B,-78.488846
C,2592.50
D,6.85
F,8
10B,25
106,0
0,68602
11,120523
10,23392420
A,-0.375318
B,-78.488846
C,2592.50
D,7.07
F,8
107,-4
0,68663
11,120523
10,23392430
A,-0.375317
B,-78.488846
C,2592.50
D,7.06
F,8
114,135
0,68731
11,120523
10,23392430
A,-0.375317
B,-78.488846
C,2592.50
D,7.06
F,8
20,6,-27,-100
24,1355
0,68740
10D,7
0,68802
11,120523
10,23392440
A,-0.375316
B,-78.488838
C,2592.40
D,6.83
F,8
10C,787
0,68863
11,120523
10,23392450
A,-0.375314
B,-78.488838
C,2592.40
D,7.17
F,8
111,13
0,68922
11,120523
10,23392450
A,-0.375314
B,-78.488838
C,2592.50
D,7.17
F,8
105,90
0,68982
11,120523
10,23392460
A,-0.375313
B,-78.488838
C,2592.40
D,6.74
F,8
10F,55
10B,25
0,69102
11,120523
10,23392470
A,-0.375311
B,-78.488838
C,2592.40
D,6.96
F,8
106,0
0,69171
11,120523
10,23392480
A,-0.375310
B,-78.488838
C,2592.40
D,6.87
F,8
107,-4
0,69231
11,120523
10,23392480
A,-0.375310
B,-78.488838
C,2592.40
D,6.87
F,8
114,123
0,69291
11,120523
10,23392490
A,-0.375309
B,-78.488838
C,2592.30
D,6.02
F,8
20,2,-30,-102
24,1358
0,69300
10D,6
0,69363
11,120523
10,23392500
A,-0.375308
B,-78.488831
C,2592.30
D,6.30
F,8
10C,789
0,69422
11,120523
10,23392500
A,-0.375308
B,-78.488831
C,2592.30
D,6.30
F,8
111,13
0,69482
11,120523
10,23392510
A,-0.375307
B,-78.488831
C,2592.30
D,6.72
F,8
105,90
0,69551
11,120523
10,23392510
A,-0.375307
B,-78.488831
C,2592.30
D,6.72
F,8
10F,55
0,69611
11,120523
10,23392520
A,-0.375305
B,-78.488831
C,2592.30
D,6.02
F,8
10B,25
0,69671
11,120523
10,23392530
A,-0.375304
B,-78.488831
C,2592.30
D,6.00
F,8
106,-1
0,69731
11,120523
10,23392530
A,-0.375304
B,-78.488831
C,2592.30
D,6.00
F,8
107,-4
0,69791
11,120523
10,23392540
A,-0.375303
B,-78.488831
C,2592.30
D,6.11
F,8
114,100
20,1,-30,-98
24,1362
0,69859
10D,5
0,69922
11,120523
10,23392550
A,-0.375301
B,-78.488831
C,2592.20
D,6.09
F,8
10C,790
0,69991
11,120523
10,23392560
A,-0.375300
B,-78.488831
C,2592.20
D,6.02
F,8
111,13
105,90
0,70111
11,120523
10,23392570
A,-0.375299
B,-78.488831
C,2592.20
D,5.70
F,8
10F,55
0,70171
11,120523
10,23392580
A,-0.375298
B,-78.488831
C,2592.20
D,5.63
F,8
10B,25
0,70231
11,120523
10,23392580
A,-0.375298
B,-78.488831
C,2592.20
D,5.63
F,8
106,-1
0,70291
11,120523
10,23392590
A,-0.375296
B,-78.488831
C,2592.20
D,5.54
F,9
107,-4
114,22
0,70411
11,120523
10,23392600
A,-0.375296
B,-78.488831
C,2592.20
D,4.76
F,9
20,7,-36,-94
24,1357
0,70426
10D,4
0,70482
11,120523
10,23392610
A,-0.375295
B,-78.488823
C,2592.10
D,4.54
F,9
10C,793
111,13
0,70602
11,120523
10,23392620
A,-0.375294
B,-78.488823
C,2592.10
D,4.15
F,9
105,90
0,70663
11,120523
10,23392630
A,-0.375293
B,-78.488823
C,2592.10
D,3.83
F,9
10F,55
0,70722
11,120523
10,23392630
A,-0.375293
B,-78.488823
C,2592.10
D,3.83
F,9
10B,25
0,70782
11,120523
10,23392640
A,-0.375292
B,-78.488823
C,2592.10
D,3.91
F,9
106,-1
0,70851
11,120523
10,23392640
A,-0.375292
B,-78.488823
C,2592.10
D,3.91
F,9
107,-4
0,70911
11,120523
10,23392650
A,-0.375292
B,-78.488823
C,2592.00
D,2.46
F,9
114,22
0,70971
11,120523
10,23392660
A,-0.375291
B,-78.488823
C,2592.00
D,2.37
F,9
20,1,-34,-97
24,1351
0,70980
10D,1
0,71042
11,120523
10,23392660
A,-0.375291
B,-78.488823
C,2592.00
D,2.37
F,9
10C,796
0,71102
11,120523
10,23392670
A,-0.375290
B,-78.488823
C,2592.00
D,1.93
F,9
111,13
0,71163
11,120523
10,23392680
A,-0.375290
B,-78.488823
C,2592.00
D,1.70
F,9
105,90
0,71231
11,120523
10,23392680
A,-0.375290
B,-78.488823
C,2592.00
D,1.70
F,9
10F,55
0,71291
11,120523
10,23392690
A,-0.375290
B,-78.488823
C,2591.90
D,1.56
F,9
10B,25
106,-2
0,71411
11,120523
10,23392700
A,-0.375289
B,-78.488823
C,2592.00
D,0.96
F,9
107,-4
0,71471
11,120523
10,23392710
A,-0.375289
B,-78.488823
C,2592.00
D,0.98
F,9
114,121
0,71531
11,120523
10,23392710
A,-0.375289
B,-78.488823
C,2591.90
D,0.98
F,9
20,2,-32,-100
24,1343
0,71540
10D,0
0,71602
11,120523
10,23392720
A,-0.375289
B,-78.488823
C,2591.90
D,0.83
F,9
10C,782
0,71671
11,120523
10,23392730
A,-0.375288
B,-78.488823
C,2591.90
D,0.35
F,9
111,13
0,71731
11,120523
10,23392730
A,-0.375288
B,-78.488823
C,2591.80
D,0.35
F,9
105,90
0,71791
11,120523
10,23392740
A,-0.375288
B,-78.488823
C,2591.80
D,0.19
F,9
10F,55
10B,25
0,71911
11,120523
10,23392750
A,-0.375288
B,-78.488823
C,2591.80
D,0.33
F,9
106,-2
0,71971
11,120523
10,23392760
A,-0.375288
B,-78.488823
C,2591.80
D,0.02
F,9
107,-4
0,72031
11,120523
10,23392760
A,-0.375288
B,-78.488823
C,2591.80
D,0.02
F,9
114,131
0,72102
11,120523
10,23392770
A,-0.375288
B,-78.488823
C,2591.80
D,0.09
F,9
20,0,-27,-103
24,1355
0,72205
10D,0
0,72263
11,120523
10,23392790
A,-0.375288
B,-78.488823
C,2591.70
D,0.22
F,9
10C,895
0,72322
11,120523
10,23392790
A,-0.375288
B,-78.488823
C,2591.70
D,0.22
F,9
111,23
0,72382
11,120523
10,23392800
A,-0.375288
B,-78.488823
C,2591.60
D,0.02
F,9
105,90
10F,55
0,72502
11,120523
10,23392810
A,-0.375288
B,-78.488823
C,2591.60
D,0.11
F,9
10B,70
0,72563
11,120523
10,23392820
A,-0.375288
B,-78.488823
C,2591.60
D,0.04
F,9
106,0
0,72631
11,120523
10,23392820
A,-0.375288
B,-78.488823
C,2591.60
D,0.04
F,9
107,-4
0,72691
11,120523
10,23392830
A,-0.375288
B,-78.488823
C,2591.60
D,0.37
F,9
114,7
20,2,-30,-101
24,1355
0,72759
10D,0
0,72822
11,120523
10,23392840
A,-0.375288
B,-78.488823
C,2591.50
D,0.30
F,9
10C,2367
0,72882
11,120523
10,23392850
A,-0.375288
B,-78.488823
C,2591.50
D,0.28
F,9
111,26
0,72942
11,120523
10,23392850
A,-0.375288
B,-78.488823
C,2591.50
D,0.28
F,9
105,90
0,73002
11,120523
10,23392860
A,-0.375288
B,-78.488823
C,2591.50
D,0.41
F,9
10F,56
0,73071
11,120523
10,23392870
A,-0.375288
B,-78.488823
C,2591.50
D,0.93
F,9
10B,54
0,73131
11,120523
10,23392870
A,-0.375288
B,-78.488823
C,2591.50
D,0.93
F,9
106,1
0,73191
11,120523
10,23392880
A,-0.375289
B,-78.488823
C,2591.50
D,1.00
F,9
107,-4
114,171
0,73311
11,120523
10,23392890
A,-0.375288
B,-78.488831
C,2591.50
D,0.89
F,9
20,4,-32,-99
24,1360
0,73320
10D,0
0,73382
11,120523
10,23392900
A,-0.375289
B,-78.488831
C,2591.50
D,1.28
F,9
10C,1986
111,15
0,73511
11,120523
10,23392910
A,-0.375289
B,-78.488831
C,2591.50
D,1.57
F,9
105,90
0,73571
11,120523
10,23392920
A,-0.375290
B,-78.488831
C,2591.50
D,1.76
F,9
10F,55
0,73631
11,120523
10,23392920
A,-0.375290
B,-78.488831
C,2591.40
D,1.76
F,9
10B,36
0,73691
11,120523
10,23392930
A,-0.375290
B,-78.488831
C,2591.50
D,1.93
F,9
106,0
107,-4
0,73811
11,120523
10,23392940
A,-0.375290
B,-78.488831
C,2591.50
D,1.93
F,9
114,9
0,73871
11,120523
10,23392950
A,-0.375290
B,-78.488831
C,2591.50
D,1.59
F,9
20,0,-27,-102
24,1355
0,73885
10D,1
0,73942
11,120523
10,23392950
A,-0.375290
B,-78.488831
C,2591.40
D,1.59
F,9
10C,2037
0,74002
11,120523
10,23392960
A,-0.375291
B,-78.488831
C,2591.40
D,1.96
F,9
111,22
105,90
0,74122
11,120523
10,23392970
A,-0.375291
B,-78.488831
C,2591.40
D,2.39
F,9
10F,55
0,74182
11,120523
10,23392980
A,-0.375291
B,-78.488831
C,2591.40
D,1.94
F,9
10B,46
0,74242
11,120523
10,23392980
A,-0.375291
B,-78.488831
C,2591.40
D,1.94
F,9
106,0
0,74302
11,120523
10,23392990
A,-0.375292
B,-78.488831
C,2591.40
D,1.93
F,9
107,-4
0,74371
11,120523
10,23393000
A,-0.375292
B,-78.488831
C,2591.40
D,2.28
F,9
114,146
0,74431
11,120523
10,23393000
A,-0.375292
B,-78.488831
C,2591.40
D,2.28
F,9
20,0,-30,-98
24,1366
0,74440
10D,2
0,74502
11,120523
10,23393010
A,-0.375293
B,-78.488831
C,2591.40
D,2.69
F,10
10C,2265
111,20
0,74622
11,120523
10,23393020
A,-0.375293
B,-78.488831
C,2591.40
D,2.94
F,10
105,90
0,74682
11,120523
10,23393030
A,-0.375294
B,-78.488831
C,2591.40
D,3.00
F,10
10F,55
0,74742
11,120523
10,23393030
A,-0.375294
B,-78.488831
C,2591.40
D,3.00
F,10
10B,27
0,74811
11,120523
10,23393040
A,-0.375295
B,-78.488831
C,2591.40
D,2.94
F,10
106,0
0,74871
11,120523
10,23393050
A,-0.375296
B,-78.488831
C,2591.40
D,2.93
F,10
107,-4
0,74931
11,120523
10,23393050
A,-0.375296
B,-78.488831
C,2591.40
D,2.93
F,10
114,11
0,74991
11,120523
10,23393060
A,-0.375296
B,-78.488831
C,2591.40
D,2.57
F,10
20,-1,-26,-106
24,1357
0,75000
10D,2
0,75063
11,120523
10,23393070
A,-0.375297
B,-78.488831
C,2591.40
D,2.72
F,10
10C,1613
0,75128
11,120523
10,23393070
A,-0.375297
B,-78.488831
C,2591.40
D,2.72
F,10
111,14
0,75191
11,120523
10,23393080
A,-0.375298
B,-78.488831
C,2591.40
D,2.48
F,10
105,90
10F,55
0,75311
11,120523
10,23393090
A,-0.375298
B,-78.488831
C,2591.40
D,2.37
F,10
10B,18
0,75372
11,120523
10,23393100
A,-0.375299
B,-78.488831
C,2591.40
D,2.67
F,10
106,0
0,75431
11,120523
10,23393100
A,-0.375299
B,-78.488831
C,2591.40
D,2.67
F,10
107,-4
0,75491
11,120523
10,23393110
A,-0.375300
B,-78.488831
C,2591.40
D,2.35
F,10
114,15
20,-1,-25,-107
24,1358
0,75658
10D,1
0,75722
11,120523
10,23393130
A,-0.375301
B,-78.488831
C,2591.40
D,1.93
F,10
10C,1380
0,75782
11,120523
10,23393140
A,-0.375302
B,-78.488831
C,2591.40
D,1.94
F,10
111,13
0,75842
11,120523
10,23393140
A,-0.375302
B,-78.488831
C,2591.40
D,1.94
F,10
105,90
0,75902
11,120523
10,23393150
A,-0.375303
B,-78.488831
C,2591.30
D,2.22
F,10
10F,55
10B,18
0,76022
11,120523
10,23393160
A,-0.375304
B,-78.488831
C,2591.40
D,2.07
F,10
106,1
0,76082
11,120523
10,23393170
A,-0.375304
B,-78.488831
C,2591.40
D,1.69
F,10
107,-4
0,76151
11,120523
10,23393170
A,-0.375304
B,-78.488831
C,2591.30
D,1.69
F,10
114,133
0,76211
11,120523
10,23393180
A,-0.375305
B,-78.488831
C,2591.40
D,2.22
F,10
20,-3,-25,-106
24,1335
0,76220
10D,1
0,76282
11,120523
10,23393190
A,-0.375306
B,-78.488831
C,2591.40
D,2.15
F,10
10C,1193
0,76342
11,120523
10,23393190
A,-0.375306
B,-78.488831
C,2591.40
D,2.15
F,10
111,18
0,76402
11,120523
10,23393200
A,-0.375306
B,-78.488831
C,2591.40
D,1.89
F,10
105,90
0,76463
11,120523
10,23393210
A,-0.375307
B,-78.488831
C,2591.40
D,1.52
F,10
10F,55
0,76531
11,120523
10,23393210
A,-0.375307
B,-78.488831
C,2591.30
D,1.52
F,10
10B,40
0,76591
11,120523
10,23393220
A,-0.375307
B,-78.488831
C,2591.30
D,1.57
F,10
106,3
107,-4
0,76711
11,120523
10,23393230
A,-0.375307
B,-78.488831
C,2591.20
D,1.15
F,10
114,12
0,76771
11,120523
10,23393240
A,-0.375308
B,-78.488838
C,2591.20
D,0.91
F,10
20,0,-26,-103
24,1347
0,76780
10D,1
0,76842
11,120523
10,23393240
A,-0.375308
B,-78.488838
C,2591.20
D,0.91
F,10
10C,1724
0,76902
11,120523
10,23393250
A,-0.375308
B,-78.488838
C,2591.30
D,1.43
F,10
111,15
0,76971
11,120523
10,23393260
A,-0.375310
B,-78.488831
C,2591.30
D,1.44
F,10
105,90
0,77031
11,120523
10,23393260
A,-0.375310
B,-78.488831
C,2591.20
D,1.44
F,10
10F,55
0,77091
11,120523
10,23393270
A,-0.375310
B,-78.488838
C,2591.10
D,1.02
F,10
10B,29
106,2
0,77212
11,120523
10,23393280
A,-0.375311
B,-78.488838
C,2591.10
D,1.54
F,10
107,-4
0,77271
11,120523
10,23393290
A,-0.375311
B,-78.488838
C,2591.10
D,1.48
F,10
114,15
0,77331
11,120523
10,23393290
A,-0.375311
B,-78.488838
C,2591.10
D,1.48
F,10
20,0,-29,-100
24,1343
0,77346
10D,1
0,77402
11,120523
10,23393300
A,-0.375312
B,-78.488838
C,2591.00
D,1.59
F,10
10C,1692
111,14
0,77522
11,120523
10,23393310
A,-0.375313
B,-78.488838
C,2591.00
D,1.61
F,10
105,90
0,77582
11,120523
10,23393320
A,-0.375314
B,-78.488838
C,2591.00
D,1.46
F,10
10F,55
10B,22
0,77702
11,120523
10,23393330
A,-0.375314
B,-78.488838
C,2591.00
D,1.74
F,10
106,2
107,-4
0,77822
11,120523
10,23393340
A,-0.375315
B,-78.488838
C,2590.90
D,1.61
F,10
114,165
0,77892
11,120523
10,23393350
A,-0.375316
B,-78.488838
C,2590.90
D,1.56
F,10
20,0,-26,-104
24,1367
0,77901
10D,1
10C,1502
0,78022
11,120523
10,23393360
A,-0.375317
B,-78.488838
C,2590.90
D,1.74
F,10
111,19
0,78082
11,120523
10,23393370
A,-0.375317
B,-78.488838
C,2590.90
D,1.43
F,10
105,90
10F,55
0,78202
11,120523
10,23393380
A,-0.375318
B,-78.488838
C,2590.90
D,1.41
F,10
10B,36
106,2
0,78322
11,120523
10,23393390
A,-0.375319
B,-78.488838
C,2590.80
D,1.67
F,10
107,-4
0,78382
11,120523
10,23393400
A,-0.375320
B,-78.488838
C,2590.80
D,1.61
F,10
114,17
0,78452
11,120523
10,23393400
A,-0.375320
B,-78.488838
C,2590.80
D,1.61
F,10
20,1,-29,-103
24,1371
0,78461
10D,1
0,78522
11,120523
10,23393410
A,-0.375320
B,-78.488838
C,2590.70
D,1.44
F,10
10C,1748
0,78582
11,120523
10,23393420
A,-0.375321
B,-78.488838
C,2590.70
D,1.39
F,10
111,19
0,78642
11,120523
10,23393420
A,-0.375321
B,-78.488838
C,2590.70
D,1.39
F,10
105,90
0,78702
11,120523
10,23393430
A,-0.375322
B,-78.488838
C,2590.70
D,1.37
F,10
10F,55
0,78772
11,120523
10,23393440
A,-0.375322
B,-78.488838
C,2590.70
D,1.96
F,10
10B,45
0,78832
11,120523
10,23393440
A,-0.375322
B,-78.488838
C,2590.70
D,1.96
F,10
106,0
0,78892
11,120523
10,23393450
A,-0.375323
B,-78.488838
C,2590.70
D,1.70
F,10
107,-4
114,163
0,79012
11,120523
10,23393460
A,-0.375324
B,-78.488838
C,2590.60
D,2.00
F,10
20,0,-27,-102
24,1367
0,79115
10D,1
0,79172
11,120523
10,23393480
A,-0.375325
B,-78.488838
C,2590.60
D,1.93
F,10
10C,1623
0,79231
11,120523
10,23393480
A,-0.375325
B,-78.488838
C,2590.60
D,1.93
F,10
111,14
0,79292
11,120523
10,23393490
A,-0.375326
B,-78.488838
C,2590.60
D,1.80
F,10
105,90
10F,55
0,79412
11,120523
10,23393500
A,-0.375326
B,-78.488838
C,2590.60
D,1.70
F,10
10B,27
0,79472
11,120523
10,23393510
A,-0.375327
B,-78.488838
C,2590.60
D,1.98
F,10
106,-1
0,79532
11,120523
10,23393510
A,-0.375327
B,-78.488838
C,2590.60
D,1.98
F,10
107,-4
0,79592
11,120523
10,23393520
A,-0.375328
B,-78.488838
C,2590.60
D,1.96
F,10
114,22
20,0,-29,-103
24,1366
0,79660
10D,1
0,79722
11,120523
10,23393530
A,-0.375328
B,-78.488838
C,2590.60
D,1.80
F,10
10C,1683
0,79782
11,120523
10,23393540
A,-0.375329
B,-78.488838
C,2590.60
D,1.76
F,10
111,21
0,79842
11,120523
10,23393540
A,-0.375329
B,-78.488838
C,2590.60
D,1.76
F,10
105,90
0,79902
11,120523
10,23393550
A,-0.375330
B,-78.488838
C,2590.60
D,1.70
F,10
10F,55
0,79964
11,120523
10,23393560
A,-0.375330
B,-78.488838
C,2590.60
D,1.96
F,10
10B,43
0,80022
11,120523
10,23393560
A,-0.375330
B,-78.488838
C,2590.60
D,1.96
F,10
106,-2
0,80088
11,120523
10,23393570
A,-0.375331
B,-78.488838
C,2590.60
D,2.07
F,10
107,-4
114,162
0,80212
11,120523
10,23393580
A,-0.375331
B,-78.488838
C,2590.60
D,1.89
F,10
20,1,-25,-107
24,1368
0,80221
10D,1
0,80282
11,120523
10,23393590
A,-0.375332
B,-78.488838
C,2590.60
D,2.02
F,10
10C,1730
0,80342
11,120523
10,23393590
A,-0.375332
B,-78.488838
C,2590.60
D,2.02
F,10
111,14
0,80402
11,120523
10,23393600
A,-0.375333
B,-78.488838
C,2590.60
D,2.09
F,10
105,90
10F,55
0,80522
11,120523
10,23393610
A,-0.375333
B,-78.488838
C,2590.60
D,2.02
F,11
10B,19
0,80592
11,120523
10,23393620
A,-0.375334
B,-78.488838
C,2590.60
D,1.85
F,11
106,-2
107,-4
0,80712
11,120523
10,23393630
A,-0.375335
B,-78.488838
C,2590.50
D,1.69
F,11
114,16
0,80772
11,120523
10,23393640
A,-0.375336
B,-78.488838
C,2590.50
D,1.87
F,11
20,2,-28,-102
24,1368
0,80781
10D,1
0,80842
11,120523
10,23393640
A,-0.375336
B,-78.488838
C,2590.60
D,1.87
F,11
10C,1564
0,80902
11,120523
10,23393650
A,-0.375336
B,-78.488838
C,2590.50
D,1.70
F,11
111,17
0,80964
11,120523
10,23393660
A,-0.375337
B,-78.488838
C,2590.50
D,1.63
F,11
105,90
0,81032
11,120523
10,23393660
A,-0.375337
B,-78.488838
C,2590.50
D,1.63
F,11
10F,55
0,81092
11,120523
10,23393670
A,-0.375337
B,-78.488838
C,2590.50
D,1.76
F,11
10B,23
106,-2
0,81212
11,120523
10,23393680
A,-0.375337
B,-78.488838
C,2590.50
D,1.69
F,11
107,-4
0,81272
11,120523
10,23393690
A,-0.375338
B,-78.488838
C,2590.50
D,1.44
F,11
114,15
0,81332
11,120523
10,23393690
A,-0.375338
B,-78.488838
C,2590.50
D,1.44
F,11
20,2,-25,-104
24,1368
0,81341
10D,1
0,81402
11,120523
10,23393700
A,-0.375338
B,-78.488838
C,2590.40
D,1.48
F,11
10C,1449
0,81464
11,120523
10,23393710
A,-0.375338
B,-78.488838
C,2590.40
D,1.22
F,11
111,15
0,81522
11,120523
10,23393710
A,-0.375338
B,-78.488838
C,2590.30
D,1.22
F,11
105,90
0,81582
11,120523
10,23393720
A,-0.375338
B,-78.488838
C,2590.30
D,1.19
F,11
10F,55
0,81642
11,120523
10,23393720
A,-0.375338
B,-78.488838
C,2590.30
D,1.19
F,11
10B,31
0,81702
11,120523
10,23393730
A,-0.375338
B,-78.488838
C,2590.30
D,1.24
F,11
106,-1
0,81772
11,120523
10,23393740
A,-0.375338
B,-78.488838
C,2590.30
D,1.37
F,11
107,-4
0,81832
11,120523
10,23393740
A,-0.375338
B,-78.488838
C,2590.30
D,1.37
F,11
114,10
0,81892
11,120523
10,23393750
A,-0.375338
B,-78.488838
C,2590.30
D,0.96
F,11
20,1,-31,-99
24,1342
0,81901
10D,1
0,81964
11,120523
10,23393760
A,-0.375339
B,-78.488838
C,2590.30
D,0.98
F,11
10C,1631
0,82022
11,120523
10,23393760
A,-0.375339
B,-78.488838
C,2590.20
D,0.98
F,11
111,19
0,82082
11,120523
10,23393770
A,-0.375339
B,-78.488838
C,2590.20
D,1.31
F,11
105,90
0,82152
11,120523
10,23393770
A,-0.375339
B,-78.488838
C,2590.20
D,1.31
F,11
10F,55
0,82212
11,120523
10,23393780
A,-0.375339
B,-78.488846
C,2590.20
D,1.19
F,11
10B,39
0,82272
11,120523
10,23393790
A,-0.375339
B,-78.488846
C,2590.20
D,1.44
F,11
106,0
0,82332
11,120523
10,23393790
A,-0.375339
B,-78.488846
C,2590.20
D,1.44
F,11
107,-4
0,82392
11,120523
10,23393800
A,-0.375340
B,-78.488846
C,2590.20
D,1.69
F,11
114,163
20,2,-28,-102
24,1356
0,82559
10D,1
0,82622
11,120523
10,23393820
A,-0.375340
B,-78.488846
C,2590.10
D,1.81
F,11
10C,1521
0,82682
11,120523
10,23393830
A,-0.375340
B,-78.488846
C,2590.10
D,1.48
F,11
111,13
0,82742
11,120523
10,23393830
A,-0.375340
B,-78.488846
C,2590.10
D,1.48
F,11
105,90
0,82802
11,120523
10,23393840
A,-0.375341
B,-78.488846
C,2590.10
D,1.67
F,11
10F,55
0,82864
11,120523
10,23393850
A,-0.375341
B,-78.488846
C,2590.10
D,2.00
F,11
10B,31
0,82922
11,120523
10,23393850
A,-0.375341
B,-78.488846
C,2590.10
D,2.00
F,11
106,0
0,82992
11,120523
10,23393860
A,-0.375341
B,-78.488846
C,2590.10
D,1.43
F,11
107,-4
114,14
0,83112
11,120523
10,23393870
A,-0.375342
B,-78.488846
C,2590.00
D,1.54
F,11
20,2,-30,-102
24,1367
0,83121
10D,1
0,83182
11,120523
10,23393880
A,-0.375342
B,-78.488846
C,2590.00
D,1.61
F,11
10C,1717
0,83242
11,120523
10,23393880
A,-0.375342
B,-78.488846
C,2590.00
D,1.61
F,11
111,20
0,83302
11,120523
10,23393890
A,-0.375342
B,-78.488846
C,2590.00
D,1.91
F,11
105,90
0,83364
11,120523
10,23393900
A,-0.375343
B,-78.488846
C,2590.00
D,1.89
F,11
10F,55
0,83432
11,120523
10,23393900
A,-0.375343
B,-78.488846
C,2590.00
D,1.89
F,11
10B,48
0,83492
11,120523
10,23393910
A,-0.375343
B,-78.488846
C,2590.00
D,1.59
F,11
106,-1
107,-4
0,83612
11,120523
10,23393920
A,-0.375344
B,-78.488846
C,2590.00
D,1.78
F,11
114,146
0,83672
11,120523
10,23393930
A,-0.375344
B,-78.488846
C,2590.00
D,2.13
F,11
20,0,-31,-101
24,1366
0,83681
10D,1
0,83742
11,120523
10,23393930
A,-0.375344
B,-78.488846
C,2590.00
D,2.13
F,11
10C,2029
0,83802
11,120523
10,23393940
A,-0.375345
B,-78.488846
C,2590.00
D,1.89
F,11
111,21
0,83872
11,120523
10,23393950
A,-0.375345
B,-78.488846
C,2590.00
D,2.22
F,11
105,90
0,83932
11,120523
10,23393950
A,-0.375345
B,-78.488846
C,2590.00
D,2.22
F,11
10F,56
0,83992
11,120523
10,23393960
A,-0.375346
B,-78.488846
C,2590.00
D,2.11
F,11
10B,34
106,-3
0,84112
11,120523
10,23393970
A,-0.375346
B,-78.488846
C,2589.90
D,2.22
F,11
107,-4
0,84172
11,120523
10,23393980
A,-0.375347
B,-78.488846
C,2589.90
D,2.46
F,11
114,30
0,84232
11,120523
10,23393980
A,-0.375347
B,-78.488846
C,2589.90
D,2.46
F,11
20,1,-25,-104
24,1367
0,84247
10D,2
0,84302
11,120523
10,23393990
A,-0.375347
B,-78.488846
C,2590.00
D,2.67
F,11
10C,1744
111,14
0,84422
11,120523
10,23394000
A,-0.375348
B,-78.488846
C,2589.90
D,2.48
F,11
105,90
0,84482
11,120523
10,23394010
A,-0.375348
B,-78.488846
C,2589.90
D,2.15
F,11
10F,55
0,84542
11,120523
10,23394010
A,-0.375348
B,-78.488846
C,2589.90
D,2.15
F,11
10B,19
0,84602
11,120523
10,23394020
A,-0.375349
B,-78.488846
C,2590.00
D,2.54
F,11
106,-3
0,84672
11,120523
10,23394030
A,-0.375349
B,-78.488853
C,2590.00
D,2.20
F,11
107,-4
0,84732
11,120523
10,23394030
A,-0.375349
B,-78.488853
C,2589.90
D,2.20
F,11
114,94
0,84792
11,120523
10,23394040
A,-0.375350
B,-78.488853
C,2589.90
D,2.04
F,11
20,1,-26,-104
24,1349
0,84801
10D,1
10C,1468
0,84922
11,120523
10,23394050
A,-0.375350
B,-78.488853
C,2589.90
D,1.89
F,11
111,14
0,84982
11,120523
10,23394060
A,-0.375350
B,-78.488853
C,2589.90
D,1.61
F,11
105,90
0,85042
11,120523
10,23394060
A,-0.375350
B,-78.488853
C,2589.80
D,1.61
F,11
10F,55
0,85112
11,120523
10,23394070
A,-0.375350
B,-78.488853
C,2589.80
D,1.76
F,11
10B,18
0,85172
11,120523
10,23394080
A,-0.375351
B,-78.488853
C,2589.80
D,1.69
F,11
106,-3
0,85232
11,120523
10,23394080
A,-0.375351
B,-78.488853
C,2589.80
D,1.69
F,11
107,-4
0,85292
11,120523
10,23394090
A,-0.375351
B,-78.488853
C,2589.80
D,1.41
F,11
114,11
20,0,-19,-108
24,1364
0,85360
10D,1
0,85422
11,120523
10,23394100
A,-0.375351
B,-78.488853
C,2589.80
D,1.19
F,11
10C,1209
0,85482
11,120523
10,23394110
A,-0.375351
B,-78.488853
C,2589.80
D,1.06
F,11
111,14
0,85552
11,120523
10,23394110
A,-0.375351
B,-78.488853
C,2589.80
D,1.06
F,11
105,90
0,85612
11,120523
10,23394120
A,-0.375351
B,-78.488853
C,2589.70
D,0.72
F,11
10F,55
0,85672
11,120523
10,23394130
A,-0.375351
B,-78.488853
C,2589.70
D,0.22
F,11
10B,20
0,85732
11,120523
10,23394130
A,-0.375351
B,-78.488853
C,2589.80
D,0.22
F,11
106,-3
0,85792
11,120523
10,23394140
A,-0.375351
B,-78.488853
C,2589.70
D,0.20
F,11
107,-4
114,13
0,85912
11,120523
10,23394150
A,-0.375351
B,-78.488853
C,2589.70
D,0.11
F,11
20,0,-27,-104
24,1363
0,86021
10D,0
0,86082
11,120523
10,23394170
A,-0.375351
B,-78.488853
C,2589.70
D,0.06
F,11
10C,1040
0,86142
11,120523
10,23394170
A,-0.375351
B,-78.488853
C,2589.70
D,0.06
F,11
111,14
0,86202
11,120523
10,23394180
A,-0.375351
B,-78.488853
C,2589.70
D,0.02
F,11
105,90
0,86264
11,120523
10,23394190
A,-0.375350
B,-78.488853
C,2589.70
D,0.11
F,11
10F,55
0,86323
11,120523
10,23394190
A,-0.375350
B,-78.488853
C,2589.60
D,0.11
F,11
10B,22
0,86382
11,120523
10,23394200
A,-0.375349
B,-78.488853
C,2589.60
D,0.09
F,11
106,-2
0,86452
11,120523
10,23394200
A,-0.375349
B,-78.488853
C,2589.50
D,0.09
F,11
107,-4
0,86512
11,120523
10,23394210
A,-0.375349
B,-78.488853
C,2589.50
D,0.11
F,11
114,15
0,86572
11,120523
10,23394220
A,-0.375349
B,-78.488853
C,2589.50
D,0.06
F,11
20,2,-27,-102
24,1355
0,86581
10D,0
0,86643
11,120523
10,23394220
A,-0.375349
B,-78.488853
C,2589.50
D,0.06
F,11
10C,942
0,86702
11,120523
10,23394230
A,-0.375349
B,-78.488853
C,2589.50
D,0.13
F,11
111,14
0,86764
11,120523
10,23394240
A,-0.375349
B,-78.488853
C,2589.50
D,0.19
F,11
105,90
0,86832
11,120523
10,23394240
A,-0.375349
B,-78.488853
C,2589.50
D,0.19
F,11
10F,55
0,86892
11,120523
10,23394250
A,-0.375349
B,-78.488853
C,2589.40
D,0.07
F,11
10B,23
106,-1
0,87012
11,120523
10,23394260
A,-0.375348
B,-78.488853
C,2589.40
D,0.07
F,11
107,-4
0,87072
11,120523
10,23394270
A,-0.375348
B,-78.488861
C,2589.40
D,0.04
F,11
114,17
0,87132
11,120523
10,23394270
A,-0.375348
B,-78.488861
C,2589.40
D,0.04
F,11
20,1,-27,-102
24,1350
0,87141
10D,0
0,87202
11,120523
10,23394280
A,-0.375348
B,-78.488861
C,2589.30
D,0.06
F,11
10C,870
0,87272
11,120523
10,23394290
A,-0.375348
B,-78.488861
C,2589.30
D,0.06
F,11
111,13
0,87332
11,120523
10,23394290
A,-0.375348
B,-78.488861
C,2589.20
D,0.06
F,11
105,90
0,87392
11,120523
10,23394300
A,-0.375348
B,-78.488861
C,2589.20
D,0.02
F,11
10F,55
10B,24
0,87512
11,120523
10,23394310
A,-0.375347
B,-78.488861
C,2589.20
D,0.13
F,11
106,0
0,87572
11,120523
10,23394320
A,-0.375347
B,-78.488861
C,2589.20
D,0.13
F,11
107,-4
0,87632
11,120523
10,23394320
A,-0.375347
B,-78.488861
C,2589.10
D,0.13
F,11
114,22
0,87703
11,120523
10,23394330
A,-0.375347
B,-78.488861
C,2589.10
D,0.07
F,11
20,1,-30,-104
24,1355
0,87712
10D,0
0,87772
11,120523
10,23394340
A,-0.375347
B,-78.488861
C,2589.10
D,0.17
F,11
10C,827
0,87832
11,120523
10,23394340
A,-0.375347
B,-78.488861
C,2589.00
D,0.17
F,11
111,13
0,87892
11,120523
10,23394350
A,-0.375347
B,-78.488861
C,2589.00
D,0.04
F,11
0,88020
11,120523
10,23394360
A,-0.375347
B,-78.488861
C,2589.00
D,0.11
F,11
0,88084
11,120523
10,23394370
A,-0.375347
B,-78.488861
C,2588.90
D,0.20
F,11
